"Benchmark","Mode","Threads","Samples","Score","Score Error (99.9%)","Unit","Param: offset","Param: padding","Param: sourceSize","Param: targetSize"
"io.github.richardstartin.multimatcher.benchmarks.LogicalAggregationBenchmark.intersectionNoOffset","thrpt",1,5,22.647134,0.087906,"ops/us",,0,1024,256
"io.github.richardstartin.multimatcher.benchmarks.LogicalAggregationBenchmark.intersectionNoOffset:ld_blocks_partial.address_alias","thrpt",1,1,64.580608,NaN,"#/op",,0,1024,256
"io.github.richardstartin.multimatcher.benchmarks.LogicalAggregationBenchmark.intersectionNoOffset","thrpt",1,5,11.111850,0.087464,"ops/us",,8,1024,256
"io.github.richardstartin.multimatcher.benchmarks.LogicalAggregationBenchmark.intersectionNoOffset:ld_blocks_partial.address_alias","thrpt",1,1,126.580042,NaN,"#/op",,8,1024,256
"io.github.richardstartin.multimatcher.benchmarks.LogicalAggregationBenchmark.intersectionNoOffset","thrpt",1,5,11.068797,0.060128,"ops/us",,16,1024,256
"io.github.richardstartin.multimatcher.benchmarks.LogicalAggregationBenchmark.intersectionNoOffset:ld_blocks_partial.address_alias","thrpt",1,1,126.446876,NaN,"#/op",,16,1024,256
"io.github.richardstartin.multimatcher.benchmarks.LogicalAggregationBenchmark.intersectionNoOffset","thrpt",1,5,11.161808,0.060741,"ops/us",,24,1024,256
"io.github.richardstartin.multimatcher.benchmarks.LogicalAggregationBenchmark.intersectionNoOffset:ld_blocks_partial.address_alias","thrpt",1,1,127.738499,NaN,"#/op",,24,1024,256
"io.github.richardstartin.multimatcher.benchmarks.LogicalAggregationBenchmark.intersectionNoOffset","thrpt",1,5,22.881955,0.108459,"ops/us",,32,1024,256
"io.github.richardstartin.multimatcher.benchmarks.LogicalAggregationBenchmark.intersectionNoOffset:ld_blocks_partial.address_alias","thrpt",1,1,64.105141,NaN,"#/op",,32,1024,256
"io.github.richardstartin.multimatcher.benchmarks.LogicalAggregationBenchmark.intersectionNoOffset","thrpt",1,5,11.277940,0.106678,"ops/us",,40,1024,256
"io.github.richardstartin.multimatcher.benchmarks.LogicalAggregationBenchmark.intersectionNoOffset:ld_blocks_partial.address_alias","thrpt",1,1,124.485703,NaN,"#/op",,40,1024,256
"io.github.richardstartin.multimatcher.benchmarks.LogicalAggregationBenchmark.intersectionNoOffset","thrpt",1,5,11.183043,0.072182,"ops/us",,48,1024,256
"io.github.richardstartin.multimatcher.benchmarks.LogicalAggregationBenchmark.intersectionNoOffset:ld_blocks_partial.address_alias","thrpt",1,1,125.348822,NaN,"#/op",,48,1024,256
"io.github.richardstartin.multimatcher.benchmarks.LogicalAggregationBenchmark.intersectionNoOffset","thrpt",1,5,11.373819,0.037910,"ops/us",,56,1024,256
"io.github.richardstartin.multimatcher.benchmarks.LogicalAggregationBenchmark.intersectionNoOffset:ld_blocks_partial.address_alias","thrpt",1,1,125.366807,NaN,"#/op",,56,1024,256
"io.github.richardstartin.multimatcher.benchmarks.LogicalAggregationBenchmark.intersectionNoOffset","thrpt",1,5,23.013922,0.140504,"ops/us",,64,1024,256
"io.github.richardstartin.multimatcher.benchmarks.LogicalAggregationBenchmark.intersectionNoOffset:ld_blocks_partial.address_alias","thrpt",1,1,62.696964,NaN,"#/op",,64,1024,256
"io.github.richardstartin.multimatcher.benchmarks.LogicalAggregationBenchmark.intersectionNoOffset","thrpt",1,5,11.248050,0.036093,"ops/us",,72,1024,256
"io.github.richardstartin.multimatcher.benchmarks.LogicalAggregationBenchmark.intersectionNoOffset:ld_blocks_partial.address_alias","thrpt",1,1,121.488902,NaN,"#/op",,72,1024,256
"io.github.richardstartin.multimatcher.benchmarks.LogicalAggregationBenchmark.intersectionNoOffset","thrpt",1,5,11.341559,0.062132,"ops/us",,80,1024,256
"io.github.richardstartin.multimatcher.benchmarks.LogicalAggregationBenchmark.intersectionNoOffset:ld_blocks_partial.address_alias","thrpt",1,1,122.686876,NaN,"#/op",,80,1024,256
"io.github.richardstartin.multimatcher.benchmarks.LogicalAggregationBenchmark.intersectionNoOffset","thrpt",1,5,11.282962,0.055530,"ops/us",,88,1024,256
"io.github.richardstartin.multimatcher.benchmarks.LogicalAggregationBenchmark.intersectionNoOffset:ld_blocks_partial.address_alias","thrpt",1,1,123.066147,NaN,"#/op",,88,1024,256
"io.github.richardstartin.multimatcher.benchmarks.LogicalAggregationBenchmark.intersectionNoOffset","thrpt",1,5,23.154502,0.107409,"ops/us",,96,1024,256
"io.github.richardstartin.multimatcher.benchmarks.LogicalAggregationBenchmark.intersectionNoOffset:ld_blocks_partial.address_alias","thrpt",1,1,62.692996,NaN,"#/op",,96,1024,256
"io.github.richardstartin.multimatcher.benchmarks.LogicalAggregationBenchmark.intersectionNoOffset","thrpt",1,5,11.811458,0.077603,"ops/us",,104,1024,256
"io.github.richardstartin.multimatcher.benchmarks.LogicalAggregationBenchmark.intersectionNoOffset:ld_blocks_partial.address_alias","thrpt",1,1,113.633243,NaN,"#/op",,104,1024,256
"io.github.richardstartin.multimatcher.benchmarks.LogicalAggregationBenchmark.intersectionNoOffset","thrpt",1,5,11.852891,0.086224,"ops/us",,112,1024,256
"io.github.richardstartin.multimatcher.benchmarks.LogicalAggregationBenchmark.intersectionNoOffset:ld_blocks_partial.address_alias","thrpt",1,1,112.848537,NaN,"#/op",,112,1024,256
"io.github.richardstartin.multimatcher.benchmarks.LogicalAggregationBenchmark.intersectionNoOffset","thrpt",1,5,11.966215,0.079411,"ops/us",,120,1024,256
"io.github.richardstartin.multimatcher.benchmarks.LogicalAggregationBenchmark.intersectionNoOffset:ld_blocks_partial.address_alias","thrpt",1,1,111.099770,NaN,"#/op",,120,1024,256
"io.github.richardstartin.multimatcher.benchmarks.LogicalAggregationBenchmark.intersectionNoOffset","thrpt",1,5,23.275811,0.164084,"ops/us",,128,1024,256
"io.github.richardstartin.multimatcher.benchmarks.LogicalAggregationBenchmark.intersectionNoOffset:ld_blocks_partial.address_alias","thrpt",1,1,61.267637,NaN,"#/op",,128,1024,256
"io.github.richardstartin.multimatcher.benchmarks.LogicalAggregationBenchmark.intersectionNoOffset","thrpt",1,5,13.354473,0.101803,"ops/us",,136,1024,256
"io.github.richardstartin.multimatcher.benchmarks.LogicalAggregationBenchmark.intersectionNoOffset:ld_blocks_partial.address_alias","thrpt",1,1,89.359104,NaN,"#/op",,136,1024,256
"io.github.richardstartin.multimatcher.benchmarks.LogicalAggregationBenchmark.intersectionNoOffset","thrpt",1,5,13.429462,0.023419,"ops/us",,144,1024,256
"io.github.richardstartin.multimatcher.benchmarks.LogicalAggregationBenchmark.intersectionNoOffset:ld_blocks_partial.address_alias","thrpt",1,1,89.290838,NaN,"#/op",,144,1024,256
"io.github.richardstartin.multimatcher.benchmarks.LogicalAggregationBenchmark.intersectionNoOffset","thrpt",1,5,13.470122,0.078449,"ops/us",,152,1024,256
"io.github.richardstartin.multimatcher.benchmarks.LogicalAggregationBenchmark.intersectionNoOffset:ld_blocks_partial.address_alias","thrpt",1,1,88.178214,NaN,"#/op",,152,1024,256
"io.github.richardstartin.multimatcher.benchmarks.LogicalAggregationBenchmark.intersectionNoOffset","thrpt",1,5,23.337542,0.182677,"ops/us",,160,1024,256
"io.github.richardstartin.multimatcher.benchmarks.LogicalAggregationBenchmark.intersectionNoOffset:ld_blocks_partial.address_alias","thrpt",1,1,60.342688,NaN,"#/op",,160,1024,256
"io.github.richardstartin.multimatcher.benchmarks.LogicalAggregationBenchmark.intersectionNoOffset","thrpt",1,5,16.288002,0.059442,"ops/us",,168,1024,256
"io.github.richardstartin.multimatcher.benchmarks.LogicalAggregationBenchmark.intersectionNoOffset:ld_blocks_partial.address_alias","thrpt",1,1,63.416991,NaN,"#/op",,168,1024,256
"io.github.richardstartin.multimatcher.benchmarks.LogicalAggregationBenchmark.intersectionNoOffset","thrpt",1,5,15.976993,0.174992,"ops/us",,176,1024,256
"io.github.richardstartin.multimatcher.benchmarks.LogicalAggregationBenchmark.intersectionNoOffset:ld_blocks_partial.address_alias","thrpt",1,1,65.728825,NaN,"#/op",,176,1024,256
"io.github.richardstartin.multimatcher.benchmarks.LogicalAggregationBenchmark.intersectionNoOffset","thrpt",1,5,15.697121,0.277518,"ops/us",,184,1024,256
"io.github.richardstartin.multimatcher.benchmarks.LogicalAggregationBenchmark.intersectionNoOffset:ld_blocks_partial.address_alias","thrpt",1,1,65.134642,NaN,"#/op",,184,1024,256
"io.github.richardstartin.multimatcher.benchmarks.LogicalAggregationBenchmark.intersectionNoOffset","thrpt",1,5,23.342315,0.139699,"ops/us",,192,1024,256
"io.github.richardstartin.multimatcher.benchmarks.LogicalAggregationBenchmark.intersectionNoOffset:ld_blocks_partial.address_alias","thrpt",1,1,58.415654,NaN,"#/op",,192,1024,256
"io.github.richardstartin.multimatcher.benchmarks.LogicalAggregationBenchmark.intersectionNoOffset","thrpt",1,5,17.913466,0.072241,"ops/us",,200,1024,256
"io.github.richardstartin.multimatcher.benchmarks.LogicalAggregationBenchmark.intersectionNoOffset:ld_blocks_partial.address_alias","thrpt",1,1,51.618148,NaN,"#/op",,200,1024,256
"io.github.richardstartin.multimatcher.benchmarks.LogicalAggregationBenchmark.intersectionNoOffset","thrpt",1,5,17.613627,0.122493,"ops/us",,208,1024,256
"io.github.richardstartin.multimatcher.benchmarks.LogicalAggregationBenchmark.intersectionNoOffset:ld_blocks_partial.address_alias","thrpt",1,1,53.081868,NaN,"#/op",,208,1024,256
"io.github.richardstartin.multimatcher.benchmarks.LogicalAggregationBenchmark.intersectionNoOffset","thrpt",1,5,17.677274,0.105149,"ops/us",,216,1024,256
"io.github.richardstartin.multimatcher.benchmarks.LogicalAggregationBenchmark.intersectionNoOffset:ld_blocks_partial.address_alias","thrpt",1,1,53.014493,NaN,"#/op",,216,1024,256
"io.github.richardstartin.multimatcher.benchmarks.LogicalAggregationBenchmark.intersectionNoOffset","thrpt",1,5,23.022614,0.090119,"ops/us",,224,1024,256
"io.github.richardstartin.multimatcher.benchmarks.LogicalAggregationBenchmark.intersectionNoOffset:ld_blocks_partial.address_alias","thrpt",1,1,59.189118,NaN,"#/op",,224,1024,256
"io.github.richardstartin.multimatcher.benchmarks.LogicalAggregationBenchmark.intersectionNoOffset","thrpt",1,5,18.870816,2.725831,"ops/us",,232,1024,256
"io.github.richardstartin.multimatcher.benchmarks.LogicalAggregationBenchmark.intersectionNoOffset:ld_blocks_partial.address_alias","thrpt",1,1,43.278293,NaN,"#/op",,232,1024,256
"io.github.richardstartin.multimatcher.benchmarks.LogicalAggregationBenchmark.intersectionNoOffset","thrpt",1,5,19.206174,0.039880,"ops/us",,240,1024,256
"io.github.richardstartin.multimatcher.benchmarks.LogicalAggregationBenchmark.intersectionNoOffset:ld_blocks_partial.address_alias","thrpt",1,1,41.974435,NaN,"#/op",,240,1024,256
"io.github.richardstartin.multimatcher.benchmarks.LogicalAggregationBenchmark.intersectionNoOffset","thrpt",1,5,19.457333,0.035690,"ops/us",,248,1024,256
"io.github.richardstartin.multimatcher.benchmarks.LogicalAggregationBenchmark.intersectionNoOffset:ld_blocks_partial.address_alias","thrpt",1,1,43.774147,NaN,"#/op",,248,1024,256
"io.github.richardstartin.multimatcher.benchmarks.LogicalAggregationBenchmark.intersectionNoOffset","thrpt",1,5,22.827227,0.060375,"ops/us",,256,1024,256
"io.github.richardstartin.multimatcher.benchmarks.LogicalAggregationBenchmark.intersectionNoOffset:ld_blocks_partial.address_alias","thrpt",1,1,55.719701,NaN,"#/op",,256,1024,256
"io.github.richardstartin.multimatcher.benchmarks.LogicalAggregationBenchmark.intersectionWithConstantOffset0","thrpt",1,5,22.763568,0.025802,"ops/us",,0,1024,256
"io.github.richardstartin.multimatcher.benchmarks.LogicalAggregationBenchmark.intersectionWithConstantOffset0:ld_blocks_partial.address_alias","thrpt",1,1,65.743836,NaN,"#/op",,0,1024,256
"io.github.richardstartin.multimatcher.benchmarks.LogicalAggregationBenchmark.intersectionWithConstantOffset0","thrpt",1,5,11.158452,0.065240,"ops/us",,8,1024,256
"io.github.richardstartin.multimatcher.benchmarks.LogicalAggregationBenchmark.intersectionWithConstantOffset0:ld_blocks_partial.address_alias","thrpt",1,1,127.932576,NaN,"#/op",,8,1024,256
"io.github.richardstartin.multimatcher.benchmarks.LogicalAggregationBenchmark.intersectionWithConstantOffset0","thrpt",1,5,11.134188,0.046804,"ops/us",,16,1024,256
"io.github.richardstartin.multimatcher.benchmarks.LogicalAggregationBenchmark.intersectionWithConstantOffset0:ld_blocks_partial.address_alias","thrpt",1,1,127.148967,NaN,"#/op",,16,1024,256
"io.github.richardstartin.multimatcher.benchmarks.LogicalAggregationBenchmark.intersectionWithConstantOffset0","thrpt",1,5,11.208075,0.073266,"ops/us",,24,1024,256
"io.github.richardstartin.multimatcher.benchmarks.LogicalAggregationBenchmark.intersectionWithConstantOffset0:ld_blocks_partial.address_alias","thrpt",1,1,126.561682,NaN,"#/op",,24,1024,256
"io.github.richardstartin.multimatcher.benchmarks.LogicalAggregationBenchmark.intersectionWithConstantOffset0","thrpt",1,5,22.981070,0.055678,"ops/us",,32,1024,256
"io.github.richardstartin.multimatcher.benchmarks.LogicalAggregationBenchmark.intersectionWithConstantOffset0:ld_blocks_partial.address_alias","thrpt",1,1,64.260502,NaN,"#/op",,32,1024,256
"io.github.richardstartin.multimatcher.benchmarks.LogicalAggregationBenchmark.intersectionWithConstantOffset0","thrpt",1,5,11.330068,0.071598,"ops/us",,40,1024,256
"io.github.richardstartin.multimatcher.benchmarks.LogicalAggregationBenchmark.intersectionWithConstantOffset0:ld_blocks_partial.address_alias","thrpt",1,1,123.690121,NaN,"#/op",,40,1024,256
"io.github.richardstartin.multimatcher.benchmarks.LogicalAggregationBenchmark.intersectionWithConstantOffset0","thrpt",1,5,11.242356,0.065141,"ops/us",,48,1024,256
"io.github.richardstartin.multimatcher.benchmarks.LogicalAggregationBenchmark.intersectionWithConstantOffset0:ld_blocks_partial.address_alias","thrpt",1,1,124.864537,NaN,"#/op",,48,1024,256
"io.github.richardstartin.multimatcher.benchmarks.LogicalAggregationBenchmark.intersectionWithConstantOffset0","thrpt",1,5,11.430055,0.024079,"ops/us",,56,1024,256
"io.github.richardstartin.multimatcher.benchmarks.LogicalAggregationBenchmark.intersectionWithConstantOffset0:ld_blocks_partial.address_alias","thrpt",1,1,126.067089,NaN,"#/op",,56,1024,256
"io.github.richardstartin.multimatcher.benchmarks.LogicalAggregationBenchmark.intersectionWithConstantOffset0","thrpt",1,5,23.161474,0.113507,"ops/us",,64,1024,256
"io.github.richardstartin.multimatcher.benchmarks.LogicalAggregationBenchmark.intersectionWithConstantOffset0:ld_blocks_partial.address_alias","thrpt",1,1,63.047871,NaN,"#/op",,64,1024,256
"io.github.richardstartin.multimatcher.benchmarks.LogicalAggregationBenchmark.intersectionWithConstantOffset0","thrpt",1,5,11.320269,0.032961,"ops/us",,72,1024,256
"io.github.richardstartin.multimatcher.benchmarks.LogicalAggregationBenchmark.intersectionWithConstantOffset0:ld_blocks_partial.address_alias","thrpt",1,1,122.969473,NaN,"#/op",,72,1024,256
"io.github.richardstartin.multimatcher.benchmarks.LogicalAggregationBenchmark.intersectionWithConstantOffset0","thrpt",1,5,11.406576,0.048250,"ops/us",,80,1024,256
"io.github.richardstartin.multimatcher.benchmarks.LogicalAggregationBenchmark.intersectionWithConstantOffset0:ld_blocks_partial.address_alias","thrpt",1,1,123.056432,NaN,"#/op",,80,1024,256
"io.github.richardstartin.multimatcher.benchmarks.LogicalAggregationBenchmark.intersectionWithConstantOffset0","thrpt",1,5,11.357372,0.016275,"ops/us",,88,1024,256
"io.github.richardstartin.multimatcher.benchmarks.LogicalAggregationBenchmark.intersectionWithConstantOffset0:ld_blocks_partial.address_alias","thrpt",1,1,123.898407,NaN,"#/op",,88,1024,256
"io.github.richardstartin.multimatcher.benchmarks.LogicalAggregationBenchmark.intersectionWithConstantOffset0","thrpt",1,5,23.282905,0.039567,"ops/us",,96,1024,256
"io.github.richardstartin.multimatcher.benchmarks.LogicalAggregationBenchmark.intersectionWithConstantOffset0:ld_blocks_partial.address_alias","thrpt",1,1,62.196591,NaN,"#/op",,96,1024,256
"io.github.richardstartin.multimatcher.benchmarks.LogicalAggregationBenchmark.intersectionWithConstantOffset0","thrpt",1,5,11.872258,0.081700,"ops/us",,104,1024,256
"io.github.richardstartin.multimatcher.benchmarks.LogicalAggregationBenchmark.intersectionWithConstantOffset0:ld_blocks_partial.address_alias","thrpt",1,1,113.624177,NaN,"#/op",,104,1024,256
"io.github.richardstartin.multimatcher.benchmarks.LogicalAggregationBenchmark.intersectionWithConstantOffset0","thrpt",1,5,11.918160,0.057031,"ops/us",,112,1024,256
"io.github.richardstartin.multimatcher.benchmarks.LogicalAggregationBenchmark.intersectionWithConstantOffset0:ld_blocks_partial.address_alias","thrpt",1,1,113.925816,NaN,"#/op",,112,1024,256
"io.github.richardstartin.multimatcher.benchmarks.LogicalAggregationBenchmark.intersectionWithConstantOffset0","thrpt",1,5,11.926651,0.037662,"ops/us",,120,1024,256
"io.github.richardstartin.multimatcher.benchmarks.LogicalAggregationBenchmark.intersectionWithConstantOffset0:ld_blocks_partial.address_alias","thrpt",1,1,112.786895,NaN,"#/op",,120,1024,256
"io.github.richardstartin.multimatcher.benchmarks.LogicalAggregationBenchmark.intersectionWithConstantOffset0","thrpt",1,5,23.427665,0.057938,"ops/us",,128,1024,256
"io.github.richardstartin.multimatcher.benchmarks.LogicalAggregationBenchmark.intersectionWithConstantOffset0:ld_blocks_partial.address_alias","thrpt",1,1,60.849414,NaN,"#/op",,128,1024,256
"io.github.richardstartin.multimatcher.benchmarks.LogicalAggregationBenchmark.intersectionWithConstantOffset0","thrpt",1,5,13.433545,0.089316,"ops/us",,136,1024,256
"io.github.richardstartin.multimatcher.benchmarks.LogicalAggregationBenchmark.intersectionWithConstantOffset0:ld_blocks_partial.address_alias","thrpt",1,1,89.287597,NaN,"#/op",,136,1024,256
"io.github.richardstartin.multimatcher.benchmarks.LogicalAggregationBenchmark.intersectionWithConstantOffset0","thrpt",1,5,13.513908,0.026274,"ops/us",,144,1024,256
"io.github.richardstartin.multimatcher.benchmarks.LogicalAggregationBenchmark.intersectionWithConstantOffset0:ld_blocks_partial.address_alias","thrpt",1,1,89.304973,NaN,"#/op",,144,1024,256
"io.github.richardstartin.multimatcher.benchmarks.LogicalAggregationBenchmark.intersectionWithConstantOffset0","thrpt",1,5,13.556495,0.014212,"ops/us",,152,1024,256
"io.github.richardstartin.multimatcher.benchmarks.LogicalAggregationBenchmark.intersectionWithConstantOffset0:ld_blocks_partial.address_alias","thrpt",1,1,87.955426,NaN,"#/op",,152,1024,256
"io.github.richardstartin.multimatcher.benchmarks.LogicalAggregationBenchmark.intersectionWithConstantOffset0","thrpt",1,5,23.424080,0.355222,"ops/us",,160,1024,256
"io.github.richardstartin.multimatcher.benchmarks.LogicalAggregationBenchmark.intersectionWithConstantOffset0:ld_blocks_partial.address_alias","thrpt",1,1,59.994985,NaN,"#/op",,160,1024,256
"io.github.richardstartin.multimatcher.benchmarks.LogicalAggregationBenchmark.intersectionWithConstantOffset0","thrpt",1,5,16.361355,0.096767,"ops/us",,168,1024,256
"io.github.richardstartin.multimatcher.benchmarks.LogicalAggregationBenchmark.intersectionWithConstantOffset0:ld_blocks_partial.address_alias","thrpt",1,1,63.838506,NaN,"#/op",,168,1024,256
"io.github.richardstartin.multimatcher.benchmarks.LogicalAggregationBenchmark.intersectionWithConstantOffset0","thrpt",1,5,16.093133,0.050704,"ops/us",,176,1024,256
"io.github.richardstartin.multimatcher.benchmarks.LogicalAggregationBenchmark.intersectionWithConstantOffset0:ld_blocks_partial.address_alias","thrpt",1,1,65.517249,NaN,"#/op",,176,1024,256
"io.github.richardstartin.multimatcher.benchmarks.LogicalAggregationBenchmark.intersectionWithConstantOffset0","thrpt",1,5,16.105696,0.234959,"ops/us",,184,1024,256
"io.github.richardstartin.multimatcher.benchmarks.LogicalAggregationBenchmark.intersectionWithConstantOffset0:ld_blocks_partial.address_alias","thrpt",1,1,66.301516,NaN,"#/op",,184,1024,256
"io.github.richardstartin.multimatcher.benchmarks.LogicalAggregationBenchmark.intersectionWithConstantOffset0","thrpt",1,5,23.336039,0.127204,"ops/us",,192,1024,256
"io.github.richardstartin.multimatcher.benchmarks.LogicalAggregationBenchmark.intersectionWithConstantOffset0:ld_blocks_partial.address_alias","thrpt",1,1,58.523012,NaN,"#/op",,192,1024,256
"io.github.richardstartin.multimatcher.benchmarks.LogicalAggregationBenchmark.intersectionWithConstantOffset0","thrpt",1,5,17.780508,1.059609,"ops/us",,200,1024,256
"io.github.richardstartin.multimatcher.benchmarks.LogicalAggregationBenchmark.intersectionWithConstantOffset0:ld_blocks_partial.address_alias","thrpt",1,1,51.495384,NaN,"#/op",,200,1024,256
"io.github.richardstartin.multimatcher.benchmarks.LogicalAggregationBenchmark.intersectionWithConstantOffset0","thrpt",1,5,17.617611,0.055462,"ops/us",,208,1024,256
"io.github.richardstartin.multimatcher.benchmarks.LogicalAggregationBenchmark.intersectionWithConstantOffset0:ld_blocks_partial.address_alias","thrpt",1,1,52.822251,NaN,"#/op",,208,1024,256
"io.github.richardstartin.multimatcher.benchmarks.LogicalAggregationBenchmark.intersectionWithConstantOffset0","thrpt",1,5,17.632814,0.079347,"ops/us",,216,1024,256
"io.github.richardstartin.multimatcher.benchmarks.LogicalAggregationBenchmark.intersectionWithConstantOffset0:ld_blocks_partial.address_alias","thrpt",1,1,54.945102,NaN,"#/op",,216,1024,256
"io.github.richardstartin.multimatcher.benchmarks.LogicalAggregationBenchmark.intersectionWithConstantOffset0","thrpt",1,5,23.013448,0.107961,"ops/us",,224,1024,256
"io.github.richardstartin.multimatcher.benchmarks.LogicalAggregationBenchmark.intersectionWithConstantOffset0:ld_blocks_partial.address_alias","thrpt",1,1,59.368875,NaN,"#/op",,224,1024,256
"io.github.richardstartin.multimatcher.benchmarks.LogicalAggregationBenchmark.intersectionWithConstantOffset0","thrpt",1,5,19.128024,0.225864,"ops/us",,232,1024,256
"io.github.richardstartin.multimatcher.benchmarks.LogicalAggregationBenchmark.intersectionWithConstantOffset0:ld_blocks_partial.address_alias","thrpt",1,1,45.778489,NaN,"#/op",,232,1024,256
"io.github.richardstartin.multimatcher.benchmarks.LogicalAggregationBenchmark.intersectionWithConstantOffset0","thrpt",1,5,19.222984,0.016907,"ops/us",,240,1024,256
"io.github.richardstartin.multimatcher.benchmarks.LogicalAggregationBenchmark.intersectionWithConstantOffset0:ld_blocks_partial.address_alias","thrpt",1,1,42.717151,NaN,"#/op",,240,1024,256
"io.github.richardstartin.multimatcher.benchmarks.LogicalAggregationBenchmark.intersectionWithConstantOffset0","thrpt",1,5,19.444187,0.022322,"ops/us",,248,1024,256
"io.github.richardstartin.multimatcher.benchmarks.LogicalAggregationBenchmark.intersectionWithConstantOffset0:ld_blocks_partial.address_alias","thrpt",1,1,41.627898,NaN,"#/op",,248,1024,256
"io.github.richardstartin.multimatcher.benchmarks.LogicalAggregationBenchmark.intersectionWithConstantOffset0","thrpt",1,5,22.826235,0.020214,"ops/us",,256,1024,256
"io.github.richardstartin.multimatcher.benchmarks.LogicalAggregationBenchmark.intersectionWithConstantOffset0:ld_blocks_partial.address_alias","thrpt",1,1,55.701420,NaN,"#/op",,256,1024,256
"io.github.richardstartin.multimatcher.benchmarks.LogicalAggregationBenchmark.intersectionWithConstantOffset256","thrpt",1,5,29.128990,0.138561,"ops/us",,0,1024,256
"io.github.richardstartin.multimatcher.benchmarks.LogicalAggregationBenchmark.intersectionWithConstantOffset256:ld_blocks_partial.address_alias","thrpt",1,1,1.628117,NaN,"#/op",,0,1024,256
"io.github.richardstartin.multimatcher.benchmarks.LogicalAggregationBenchmark.intersectionWithConstantOffset256","thrpt",1,5,28.916351,0.103874,"ops/us",,8,1024,256
"io.github.richardstartin.multimatcher.benchmarks.LogicalAggregationBenchmark.intersectionWithConstantOffset256:ld_blocks_partial.address_alias","thrpt",1,1,5.009320,NaN,"#/op",,8,1024,256
"io.github.richardstartin.multimatcher.benchmarks.LogicalAggregationBenchmark.intersectionWithConstantOffset256","thrpt",1,5,29.175612,0.043423,"ops/us",,16,1024,256
"io.github.richardstartin.multimatcher.benchmarks.LogicalAggregationBenchmark.intersectionWithConstantOffset256:ld_blocks_partial.address_alias","thrpt",1,1,4.132695,NaN,"#/op",,16,1024,256
"io.github.richardstartin.multimatcher.benchmarks.LogicalAggregationBenchmark.intersectionWithConstantOffset256","thrpt",1,5,29.034710,0.085113,"ops/us",,24,1024,256
"io.github.richardstartin.multimatcher.benchmarks.LogicalAggregationBenchmark.intersectionWithConstantOffset256:ld_blocks_partial.address_alias","thrpt",1,1,4.083957,NaN,"#/op",,24,1024,256
"io.github.richardstartin.multimatcher.benchmarks.LogicalAggregationBenchmark.intersectionWithConstantOffset256","thrpt",1,5,29.163471,0.071736,"ops/us",,32,1024,256
"io.github.richardstartin.multimatcher.benchmarks.LogicalAggregationBenchmark.intersectionWithConstantOffset256:ld_blocks_partial.address_alias","thrpt",1,1,1.062827,NaN,"#/op",,32,1024,256
"io.github.richardstartin.multimatcher.benchmarks.LogicalAggregationBenchmark.intersectionWithConstantOffset256","thrpt",1,5,28.988999,0.256425,"ops/us",,40,1024,256
"io.github.richardstartin.multimatcher.benchmarks.LogicalAggregationBenchmark.intersectionWithConstantOffset256:ld_blocks_partial.address_alias","thrpt",1,1,3.601022,NaN,"#/op",,40,1024,256
"io.github.richardstartin.multimatcher.benchmarks.LogicalAggregationBenchmark.intersectionWithConstantOffset256","thrpt",1,5,29.169315,0.164576,"ops/us",,48,1024,256
"io.github.richardstartin.multimatcher.benchmarks.LogicalAggregationBenchmark.intersectionWithConstantOffset256:ld_blocks_partial.address_alias","thrpt",1,1,3.571940,NaN,"#/op",,48,1024,256
"io.github.richardstartin.multimatcher.benchmarks.LogicalAggregationBenchmark.intersectionWithConstantOffset256","thrpt",1,5,28.989029,0.067119,"ops/us",,56,1024,256
"io.github.richardstartin.multimatcher.benchmarks.LogicalAggregationBenchmark.intersectionWithConstantOffset256:ld_blocks_partial.address_alias","thrpt",1,1,3.794222,NaN,"#/op",,56,1024,256
"io.github.richardstartin.multimatcher.benchmarks.LogicalAggregationBenchmark.intersectionWithConstantOffset256","thrpt",1,5,29.158887,0.061994,"ops/us",,64,1024,256
"io.github.richardstartin.multimatcher.benchmarks.LogicalAggregationBenchmark.intersectionWithConstantOffset256:ld_blocks_partial.address_alias","thrpt",1,1,1.006560,NaN,"#/op",,64,1024,256
"io.github.richardstartin.multimatcher.benchmarks.LogicalAggregationBenchmark.intersectionWithConstantOffset256","thrpt",1,5,29.153690,0.077472,"ops/us",,72,1024,256
"io.github.richardstartin.multimatcher.benchmarks.LogicalAggregationBenchmark.intersectionWithConstantOffset256:ld_blocks_partial.address_alias","thrpt",1,1,1.481768,NaN,"#/op",,72,1024,256
"io.github.richardstartin.multimatcher.benchmarks.LogicalAggregationBenchmark.intersectionWithConstantOffset256","thrpt",1,5,29.259837,0.183921,"ops/us",,80,1024,256
"io.github.richardstartin.multimatcher.benchmarks.LogicalAggregationBenchmark.intersectionWithConstantOffset256:ld_blocks_partial.address_alias","thrpt",1,1,2.641747,NaN,"#/op",,80,1024,256
"io.github.richardstartin.multimatcher.benchmarks.LogicalAggregationBenchmark.intersectionWithConstantOffset256","thrpt",1,5,27.248866,9.931605,"ops/us",,88,1024,256
"io.github.richardstartin.multimatcher.benchmarks.LogicalAggregationBenchmark.intersectionWithConstantOffset256:ld_blocks_partial.address_alias","thrpt",1,1,1.862313,NaN,"#/op",,88,1024,256
"io.github.richardstartin.multimatcher.benchmarks.LogicalAggregationBenchmark.intersectionWithConstantOffset256","thrpt",1,5,29.134015,0.291410,"ops/us",,96,1024,256
"io.github.richardstartin.multimatcher.benchmarks.LogicalAggregationBenchmark.intersectionWithConstantOffset256:ld_blocks_partial.address_alias","thrpt",1,1,0.994185,NaN,"#/op",,96,1024,256
"io.github.richardstartin.multimatcher.benchmarks.LogicalAggregationBenchmark.intersectionWithConstantOffset256","thrpt",1,5,29.016553,1.425265,"ops/us",,104,1024,256
"io.github.richardstartin.multimatcher.benchmarks.LogicalAggregationBenchmark.intersectionWithConstantOffset256:ld_blocks_partial.address_alias","thrpt",1,1,1.077197,NaN,"#/op",,104,1024,256
"io.github.richardstartin.multimatcher.benchmarks.LogicalAggregationBenchmark.intersectionWithConstantOffset256","thrpt",1,5,29.298845,0.137614,"ops/us",,112,1024,256
"io.github.richardstartin.multimatcher.benchmarks.LogicalAggregationBenchmark.intersectionWithConstantOffset256:ld_blocks_partial.address_alias","thrpt",1,1,1.473204,NaN,"#/op",,112,1024,256
"io.github.richardstartin.multimatcher.benchmarks.LogicalAggregationBenchmark.intersectionWithConstantOffset256","thrpt",1,5,29.184556,0.223283,"ops/us",,120,1024,256
"io.github.richardstartin.multimatcher.benchmarks.LogicalAggregationBenchmark.intersectionWithConstantOffset256:ld_blocks_partial.address_alias","thrpt",1,1,1.361879,NaN,"#/op",,120,1024,256
"io.github.richardstartin.multimatcher.benchmarks.LogicalAggregationBenchmark.intersectionWithConstantOffset256","thrpt",1,5,29.175812,0.070566,"ops/us",,128,1024,256
"io.github.richardstartin.multimatcher.benchmarks.LogicalAggregationBenchmark.intersectionWithConstantOffset256:ld_blocks_partial.address_alias","thrpt",1,1,0.996537,NaN,"#/op",,128,1024,256
"io.github.richardstartin.multimatcher.benchmarks.LogicalAggregationBenchmark.intersectionWithConstantOffset256","thrpt",1,5,29.202169,0.039687,"ops/us",,136,1024,256
"io.github.richardstartin.multimatcher.benchmarks.LogicalAggregationBenchmark.intersectionWithConstantOffset256:ld_blocks_partial.address_alias","thrpt",1,1,1.011520,NaN,"#/op",,136,1024,256
"io.github.richardstartin.multimatcher.benchmarks.LogicalAggregationBenchmark.intersectionWithConstantOffset256","thrpt",1,5,29.311352,0.099654,"ops/us",,144,1024,256
"io.github.richardstartin.multimatcher.benchmarks.LogicalAggregationBenchmark.intersectionWithConstantOffset256:ld_blocks_partial.address_alias","thrpt",1,1,1.031430,NaN,"#/op",,144,1024,256
"io.github.richardstartin.multimatcher.benchmarks.LogicalAggregationBenchmark.intersectionWithConstantOffset256","thrpt",1,5,29.202378,0.128115,"ops/us",,152,1024,256
"io.github.richardstartin.multimatcher.benchmarks.LogicalAggregationBenchmark.intersectionWithConstantOffset256:ld_blocks_partial.address_alias","thrpt",1,1,1.073479,NaN,"#/op",,152,1024,256
"io.github.richardstartin.multimatcher.benchmarks.LogicalAggregationBenchmark.intersectionWithConstantOffset256","thrpt",1,5,29.140844,0.169592,"ops/us",,160,1024,256
"io.github.richardstartin.multimatcher.benchmarks.LogicalAggregationBenchmark.intersectionWithConstantOffset256:ld_blocks_partial.address_alias","thrpt",1,1,1.000972,NaN,"#/op",,160,1024,256
"io.github.richardstartin.multimatcher.benchmarks.LogicalAggregationBenchmark.intersectionWithConstantOffset256","thrpt",1,5,29.198884,0.028769,"ops/us",,168,1024,256
"io.github.richardstartin.multimatcher.benchmarks.LogicalAggregationBenchmark.intersectionWithConstantOffset256:ld_blocks_partial.address_alias","thrpt",1,1,1.000332,NaN,"#/op",,168,1024,256
"io.github.richardstartin.multimatcher.benchmarks.LogicalAggregationBenchmark.intersectionWithConstantOffset256","thrpt",1,5,28.849191,4.031560,"ops/us",,176,1024,256
"io.github.richardstartin.multimatcher.benchmarks.LogicalAggregationBenchmark.intersectionWithConstantOffset256:ld_blocks_partial.address_alias","thrpt",1,1,1.003907,NaN,"#/op",,176,1024,256
"io.github.richardstartin.multimatcher.benchmarks.LogicalAggregationBenchmark.intersectionWithConstantOffset256","thrpt",1,5,29.244883,0.067307,"ops/us",,184,1024,256
"io.github.richardstartin.multimatcher.benchmarks.LogicalAggregationBenchmark.intersectionWithConstantOffset256:ld_blocks_partial.address_alias","thrpt",1,1,1.018558,NaN,"#/op",,184,1024,256
"io.github.richardstartin.multimatcher.benchmarks.LogicalAggregationBenchmark.intersectionWithConstantOffset256","thrpt",1,5,29.147442,0.091220,"ops/us",,192,1024,256
"io.github.richardstartin.multimatcher.benchmarks.LogicalAggregationBenchmark.intersectionWithConstantOffset256:ld_blocks_partial.address_alias","thrpt",1,1,0.992102,NaN,"#/op",,192,1024,256
"io.github.richardstartin.multimatcher.benchmarks.LogicalAggregationBenchmark.intersectionWithConstantOffset256","thrpt",1,5,29.166866,0.115295,"ops/us",,200,1024,256
"io.github.richardstartin.multimatcher.benchmarks.LogicalAggregationBenchmark.intersectionWithConstantOffset256:ld_blocks_partial.address_alias","thrpt",1,1,0.998680,NaN,"#/op",,200,1024,256
"io.github.richardstartin.multimatcher.benchmarks.LogicalAggregationBenchmark.intersectionWithConstantOffset256","thrpt",1,5,28.900954,0.137619,"ops/us",,208,1024,256
"io.github.richardstartin.multimatcher.benchmarks.LogicalAggregationBenchmark.intersectionWithConstantOffset256:ld_blocks_partial.address_alias","thrpt",1,1,2.989213,NaN,"#/op",,208,1024,256
"io.github.richardstartin.multimatcher.benchmarks.LogicalAggregationBenchmark.intersectionWithConstantOffset256","thrpt",1,5,28.951437,0.085901,"ops/us",,216,1024,256
"io.github.richardstartin.multimatcher.benchmarks.LogicalAggregationBenchmark.intersectionWithConstantOffset256:ld_blocks_partial.address_alias","thrpt",1,1,3.002369,NaN,"#/op",,216,1024,256
"io.github.richardstartin.multimatcher.benchmarks.LogicalAggregationBenchmark.intersectionWithConstantOffset256","thrpt",1,5,29.165833,0.080654,"ops/us",,224,1024,256
"io.github.richardstartin.multimatcher.benchmarks.LogicalAggregationBenchmark.intersectionWithConstantOffset256:ld_blocks_partial.address_alias","thrpt",1,1,0.979837,NaN,"#/op",,224,1024,256
"io.github.richardstartin.multimatcher.benchmarks.LogicalAggregationBenchmark.intersectionWithConstantOffset256","thrpt",1,5,29.165781,0.143488,"ops/us",,232,1024,256
"io.github.richardstartin.multimatcher.benchmarks.LogicalAggregationBenchmark.intersectionWithConstantOffset256:ld_blocks_partial.address_alias","thrpt",1,1,0.990700,NaN,"#/op",,232,1024,256
"io.github.richardstartin.multimatcher.benchmarks.LogicalAggregationBenchmark.intersectionWithConstantOffset256","thrpt",1,5,29.291209,0.187717,"ops/us",,240,1024,256
"io.github.richardstartin.multimatcher.benchmarks.LogicalAggregationBenchmark.intersectionWithConstantOffset256:ld_blocks_partial.address_alias","thrpt",1,1,0.995464,NaN,"#/op",,240,1024,256
"io.github.richardstartin.multimatcher.benchmarks.LogicalAggregationBenchmark.intersectionWithConstantOffset256","thrpt",1,5,29.055589,0.105888,"ops/us",,248,1024,256
"io.github.richardstartin.multimatcher.benchmarks.LogicalAggregationBenchmark.intersectionWithConstantOffset256:ld_blocks_partial.address_alias","thrpt",1,1,2.966224,NaN,"#/op",,248,1024,256
"io.github.richardstartin.multimatcher.benchmarks.LogicalAggregationBenchmark.intersectionWithConstantOffset256","thrpt",1,5,29.163145,0.131575,"ops/us",,256,1024,256
"io.github.richardstartin.multimatcher.benchmarks.LogicalAggregationBenchmark.intersectionWithConstantOffset256:ld_blocks_partial.address_alias","thrpt",1,1,1.003443,NaN,"#/op",,256,1024,256
"io.github.richardstartin.multimatcher.benchmarks.LogicalAggregationBenchmark.intersectionWithConstantOffset512","thrpt",1,5,22.663252,0.043912,"ops/us",,0,1024,256
"io.github.richardstartin.multimatcher.benchmarks.LogicalAggregationBenchmark.intersectionWithConstantOffset512:ld_blocks_partial.address_alias","thrpt",1,1,65.257283,NaN,"#/op",,0,1024,256
"io.github.richardstartin.multimatcher.benchmarks.LogicalAggregationBenchmark.intersectionWithConstantOffset512","thrpt",1,5,11.187963,0.094355,"ops/us",,8,1024,256
"io.github.richardstartin.multimatcher.benchmarks.LogicalAggregationBenchmark.intersectionWithConstantOffset512:ld_blocks_partial.address_alias","thrpt",1,1,127.039933,NaN,"#/op",,8,1024,256
"io.github.richardstartin.multimatcher.benchmarks.LogicalAggregationBenchmark.intersectionWithConstantOffset512","thrpt",1,5,11.174275,0.063313,"ops/us",,16,1024,256
"io.github.richardstartin.multimatcher.benchmarks.LogicalAggregationBenchmark.intersectionWithConstantOffset512:ld_blocks_partial.address_alias","thrpt",1,1,127.132924,NaN,"#/op",,16,1024,256
"io.github.richardstartin.multimatcher.benchmarks.LogicalAggregationBenchmark.intersectionWithConstantOffset512","thrpt",1,5,11.315506,0.014701,"ops/us",,24,1024,256
"io.github.richardstartin.multimatcher.benchmarks.LogicalAggregationBenchmark.intersectionWithConstantOffset512:ld_blocks_partial.address_alias","thrpt",1,1,127.207471,NaN,"#/op",,24,1024,256
"io.github.richardstartin.multimatcher.benchmarks.LogicalAggregationBenchmark.intersectionWithConstantOffset512","thrpt",1,5,22.960786,0.090812,"ops/us",,32,1024,256
"io.github.richardstartin.multimatcher.benchmarks.LogicalAggregationBenchmark.intersectionWithConstantOffset512:ld_blocks_partial.address_alias","thrpt",1,1,64.050198,NaN,"#/op",,32,1024,256
"io.github.richardstartin.multimatcher.benchmarks.LogicalAggregationBenchmark.intersectionWithConstantOffset512","thrpt",1,5,11.269101,0.036817,"ops/us",,40,1024,256
"io.github.richardstartin.multimatcher.benchmarks.LogicalAggregationBenchmark.intersectionWithConstantOffset512:ld_blocks_partial.address_alias","thrpt",1,1,124.883485,NaN,"#/op",,40,1024,256
"io.github.richardstartin.multimatcher.benchmarks.LogicalAggregationBenchmark.intersectionWithConstantOffset512","thrpt",1,5,11.276298,0.025740,"ops/us",,48,1024,256
"io.github.richardstartin.multimatcher.benchmarks.LogicalAggregationBenchmark.intersectionWithConstantOffset512:ld_blocks_partial.address_alias","thrpt",1,1,124.373781,NaN,"#/op",,48,1024,256
"io.github.richardstartin.multimatcher.benchmarks.LogicalAggregationBenchmark.intersectionWithConstantOffset512","thrpt",1,5,11.440473,0.020983,"ops/us",,56,1024,256
"io.github.richardstartin.multimatcher.benchmarks.LogicalAggregationBenchmark.intersectionWithConstantOffset512:ld_blocks_partial.address_alias","thrpt",1,1,124.045314,NaN,"#/op",,56,1024,256
"io.github.richardstartin.multimatcher.benchmarks.LogicalAggregationBenchmark.intersectionWithConstantOffset512","thrpt",1,5,23.226967,0.043482,"ops/us",,64,1024,256
"io.github.richardstartin.multimatcher.benchmarks.LogicalAggregationBenchmark.intersectionWithConstantOffset512:ld_blocks_partial.address_alias","thrpt",1,1,63.198037,NaN,"#/op",,64,1024,256
"io.github.richardstartin.multimatcher.benchmarks.LogicalAggregationBenchmark.intersectionWithConstantOffset512","thrpt",1,5,11.316077,0.010940,"ops/us",,72,1024,256
"io.github.richardstartin.multimatcher.benchmarks.LogicalAggregationBenchmark.intersectionWithConstantOffset512:ld_blocks_partial.address_alias","thrpt",1,1,122.310394,NaN,"#/op",,72,1024,256
"io.github.richardstartin.multimatcher.benchmarks.LogicalAggregationBenchmark.intersectionWithConstantOffset512","thrpt",1,5,11.405870,0.031976,"ops/us",,80,1024,256
"io.github.richardstartin.multimatcher.benchmarks.LogicalAggregationBenchmark.intersectionWithConstantOffset512:ld_blocks_partial.address_alias","thrpt",1,1,121.967806,NaN,"#/op",,80,1024,256
"io.github.richardstartin.multimatcher.benchmarks.LogicalAggregationBenchmark.intersectionWithConstantOffset512","thrpt",1,5,11.481668,0.043791,"ops/us",,88,1024,256
"io.github.richardstartin.multimatcher.benchmarks.LogicalAggregationBenchmark.intersectionWithConstantOffset512:ld_blocks_partial.address_alias","thrpt",1,1,124.001554,NaN,"#/op",,88,1024,256
"io.github.richardstartin.multimatcher.benchmarks.LogicalAggregationBenchmark.intersectionWithConstantOffset512","thrpt",1,5,23.401655,0.118517,"ops/us",,96,1024,256
"io.github.richardstartin.multimatcher.benchmarks.LogicalAggregationBenchmark.intersectionWithConstantOffset512:ld_blocks_partial.address_alias","thrpt",1,1,62.479854,NaN,"#/op",,96,1024,256
"io.github.richardstartin.multimatcher.benchmarks.LogicalAggregationBenchmark.intersectionWithConstantOffset512","thrpt",1,5,11.957179,0.028268,"ops/us",,104,1024,256
"io.github.richardstartin.multimatcher.benchmarks.LogicalAggregationBenchmark.intersectionWithConstantOffset512:ld_blocks_partial.address_alias","thrpt",1,1,114.200082,NaN,"#/op",,104,1024,256
"io.github.richardstartin.multimatcher.benchmarks.LogicalAggregationBenchmark.intersectionWithConstantOffset512","thrpt",1,5,11.972341,0.048317,"ops/us",,112,1024,256
"io.github.richardstartin.multimatcher.benchmarks.LogicalAggregationBenchmark.intersectionWithConstantOffset512:ld_blocks_partial.address_alias","thrpt",1,1,112.997459,NaN,"#/op",,112,1024,256
"io.github.richardstartin.multimatcher.benchmarks.LogicalAggregationBenchmark.intersectionWithConstantOffset512","thrpt",1,5,12.050153,0.046826,"ops/us",,120,1024,256
"io.github.richardstartin.multimatcher.benchmarks.LogicalAggregationBenchmark.intersectionWithConstantOffset512:ld_blocks_partial.address_alias","thrpt",1,1,112.622236,NaN,"#/op",,120,1024,256
"io.github.richardstartin.multimatcher.benchmarks.LogicalAggregationBenchmark.intersectionWithConstantOffset512","thrpt",1,5,23.585852,0.127248,"ops/us",,128,1024,256
"io.github.richardstartin.multimatcher.benchmarks.LogicalAggregationBenchmark.intersectionWithConstantOffset512:ld_blocks_partial.address_alias","thrpt",1,1,61.117033,NaN,"#/op",,128,1024,256
"io.github.richardstartin.multimatcher.benchmarks.LogicalAggregationBenchmark.intersectionWithConstantOffset512","thrpt",1,5,13.525690,0.047548,"ops/us",,136,1024,256
"io.github.richardstartin.multimatcher.benchmarks.LogicalAggregationBenchmark.intersectionWithConstantOffset512:ld_blocks_partial.address_alias","thrpt",1,1,89.216613,NaN,"#/op",,136,1024,256
"io.github.richardstartin.multimatcher.benchmarks.LogicalAggregationBenchmark.intersectionWithConstantOffset512","thrpt",1,5,13.508210,0.036150,"ops/us",,144,1024,256
"io.github.richardstartin.multimatcher.benchmarks.LogicalAggregationBenchmark.intersectionWithConstantOffset512:ld_blocks_partial.address_alias","thrpt",1,1,89.243638,NaN,"#/op",,144,1024,256
"io.github.richardstartin.multimatcher.benchmarks.LogicalAggregationBenchmark.intersectionWithConstantOffset512","thrpt",1,5,13.679308,0.046756,"ops/us",,152,1024,256
"io.github.richardstartin.multimatcher.benchmarks.LogicalAggregationBenchmark.intersectionWithConstantOffset512:ld_blocks_partial.address_alias","thrpt",1,1,88.591861,NaN,"#/op",,152,1024,256
"io.github.richardstartin.multimatcher.benchmarks.LogicalAggregationBenchmark.intersectionWithConstantOffset512","thrpt",1,5,23.620779,0.136072,"ops/us",,160,1024,256
"io.github.richardstartin.multimatcher.benchmarks.LogicalAggregationBenchmark.intersectionWithConstantOffset512:ld_blocks_partial.address_alias","thrpt",1,1,59.894322,NaN,"#/op",,160,1024,256
"io.github.richardstartin.multimatcher.benchmarks.LogicalAggregationBenchmark.intersectionWithConstantOffset512","thrpt",1,5,16.127335,0.081087,"ops/us",,168,1024,256
"io.github.richardstartin.multimatcher.benchmarks.LogicalAggregationBenchmark.intersectionWithConstantOffset512:ld_blocks_partial.address_alias","thrpt",1,1,65.514577,NaN,"#/op",,168,1024,256
"io.github.richardstartin.multimatcher.benchmarks.LogicalAggregationBenchmark.intersectionWithConstantOffset512","thrpt",1,5,16.138763,0.023894,"ops/us",,176,1024,256
"io.github.richardstartin.multimatcher.benchmarks.LogicalAggregationBenchmark.intersectionWithConstantOffset512:ld_blocks_partial.address_alias","thrpt",1,1,66.047629,NaN,"#/op",,176,1024,256
"io.github.richardstartin.multimatcher.benchmarks.LogicalAggregationBenchmark.intersectionWithConstantOffset512","thrpt",1,5,16.189321,0.067075,"ops/us",,184,1024,256
"io.github.richardstartin.multimatcher.benchmarks.LogicalAggregationBenchmark.intersectionWithConstantOffset512:ld_blocks_partial.address_alias","thrpt",1,1,66.009526,NaN,"#/op",,184,1024,256
"io.github.richardstartin.multimatcher.benchmarks.LogicalAggregationBenchmark.intersectionWithConstantOffset512","thrpt",1,5,23.465919,0.106543,"ops/us",,192,1024,256
"io.github.richardstartin.multimatcher.benchmarks.LogicalAggregationBenchmark.intersectionWithConstantOffset512:ld_blocks_partial.address_alias","thrpt",1,1,58.947276,NaN,"#/op",,192,1024,256
"io.github.richardstartin.multimatcher.benchmarks.LogicalAggregationBenchmark.intersectionWithConstantOffset512","thrpt",1,5,17.634020,0.086613,"ops/us",,200,1024,256
"io.github.richardstartin.multimatcher.benchmarks.LogicalAggregationBenchmark.intersectionWithConstantOffset512:ld_blocks_partial.address_alias","thrpt",1,1,54.098250,NaN,"#/op",,200,1024,256
"io.github.richardstartin.multimatcher.benchmarks.LogicalAggregationBenchmark.intersectionWithConstantOffset512","thrpt",1,5,17.847488,0.043140,"ops/us",,208,1024,256
"io.github.richardstartin.multimatcher.benchmarks.LogicalAggregationBenchmark.intersectionWithConstantOffset512:ld_blocks_partial.address_alias","thrpt",1,1,55.111057,NaN,"#/op",,208,1024,256
"io.github.richardstartin.multimatcher.benchmarks.LogicalAggregationBenchmark.intersectionWithConstantOffset512","thrpt",1,5,17.737025,0.066854,"ops/us",,216,1024,256
"io.github.richardstartin.multimatcher.benchmarks.LogicalAggregationBenchmark.intersectionWithConstantOffset512:ld_blocks_partial.address_alias","thrpt",1,1,54.631895,NaN,"#/op",,216,1024,256
"io.github.richardstartin.multimatcher.benchmarks.LogicalAggregationBenchmark.intersectionWithConstantOffset512","thrpt",1,5,22.934257,0.724403,"ops/us",,224,1024,256
"io.github.richardstartin.multimatcher.benchmarks.LogicalAggregationBenchmark.intersectionWithConstantOffset512:ld_blocks_partial.address_alias","thrpt",1,1,57.791601,NaN,"#/op",,224,1024,256
"io.github.richardstartin.multimatcher.benchmarks.LogicalAggregationBenchmark.intersectionWithConstantOffset512","thrpt",1,5,19.010140,0.094476,"ops/us",,232,1024,256
"io.github.richardstartin.multimatcher.benchmarks.LogicalAggregationBenchmark.intersectionWithConstantOffset512:ld_blocks_partial.address_alias","thrpt",1,1,45.157517,NaN,"#/op",,232,1024,256
"io.github.richardstartin.multimatcher.benchmarks.LogicalAggregationBenchmark.intersectionWithConstantOffset512","thrpt",1,5,19.222187,0.077816,"ops/us",,240,1024,256
"io.github.richardstartin.multimatcher.benchmarks.LogicalAggregationBenchmark.intersectionWithConstantOffset512:ld_blocks_partial.address_alias","thrpt",1,1,45.201882,NaN,"#/op",,240,1024,256
"io.github.richardstartin.multimatcher.benchmarks.LogicalAggregationBenchmark.intersectionWithConstantOffset512","thrpt",1,5,19.424369,0.042101,"ops/us",,248,1024,256
"io.github.richardstartin.multimatcher.benchmarks.LogicalAggregationBenchmark.intersectionWithConstantOffset512:ld_blocks_partial.address_alias","thrpt",1,1,42.847499,NaN,"#/op",,248,1024,256
"io.github.richardstartin.multimatcher.benchmarks.LogicalAggregationBenchmark.intersectionWithConstantOffset512","thrpt",1,5,22.746372,0.047588,"ops/us",,256,1024,256
"io.github.richardstartin.multimatcher.benchmarks.LogicalAggregationBenchmark.intersectionWithConstantOffset512:ld_blocks_partial.address_alias","thrpt",1,1,57.256185,NaN,"#/op",,256,1024,256
"io.github.richardstartin.multimatcher.benchmarks.LogicalAggregationBenchmark.intersectionWithOffset","thrpt",1,5,6.572520,0.017185,"ops/us",0,0,1024,256
"io.github.richardstartin.multimatcher.benchmarks.LogicalAggregationBenchmark.intersectionWithOffset:ld_blocks_partial.address_alias","thrpt",1,1,252.288991,NaN,"#/op",0,0,1024,256
"io.github.richardstartin.multimatcher.benchmarks.LogicalAggregationBenchmark.intersectionWithOffset","thrpt",1,5,6.577559,0.013917,"ops/us",0,8,1024,256
"io.github.richardstartin.multimatcher.benchmarks.LogicalAggregationBenchmark.intersectionWithOffset:ld_blocks_partial.address_alias","thrpt",1,1,252.068642,NaN,"#/op",0,8,1024,256
"io.github.richardstartin.multimatcher.benchmarks.LogicalAggregationBenchmark.intersectionWithOffset","thrpt",1,5,6.265386,0.021150,"ops/us",0,16,1024,256
"io.github.richardstartin.multimatcher.benchmarks.LogicalAggregationBenchmark.intersectionWithOffset:ld_blocks_partial.address_alias","thrpt",1,1,249.677418,NaN,"#/op",0,16,1024,256
"io.github.richardstartin.multimatcher.benchmarks.LogicalAggregationBenchmark.intersectionWithOffset","thrpt",1,5,5.996586,0.023598,"ops/us",0,24,1024,256
"io.github.richardstartin.multimatcher.benchmarks.LogicalAggregationBenchmark.intersectionWithOffset:ld_blocks_partial.address_alias","thrpt",1,1,247.846086,NaN,"#/op",0,24,1024,256
"io.github.richardstartin.multimatcher.benchmarks.LogicalAggregationBenchmark.intersectionWithOffset","thrpt",1,5,6.437906,0.029061,"ops/us",0,32,1024,256
"io.github.richardstartin.multimatcher.benchmarks.LogicalAggregationBenchmark.intersectionWithOffset:ld_blocks_partial.address_alias","thrpt",1,1,240.837105,NaN,"#/op",0,32,1024,256
"io.github.richardstartin.multimatcher.benchmarks.LogicalAggregationBenchmark.intersectionWithOffset","thrpt",1,5,6.833821,0.010154,"ops/us",0,40,1024,256
"io.github.richardstartin.multimatcher.benchmarks.LogicalAggregationBenchmark.intersectionWithOffset:ld_blocks_partial.address_alias","thrpt",1,1,220.257520,NaN,"#/op",0,40,1024,256
"io.github.richardstartin.multimatcher.benchmarks.LogicalAggregationBenchmark.intersectionWithOffset","thrpt",1,5,7.380604,0.042352,"ops/us",0,48,1024,256
"io.github.richardstartin.multimatcher.benchmarks.LogicalAggregationBenchmark.intersectionWithOffset:ld_blocks_partial.address_alias","thrpt",1,1,187.810615,NaN,"#/op",0,48,1024,256
"io.github.richardstartin.multimatcher.benchmarks.LogicalAggregationBenchmark.intersectionWithOffset","thrpt",1,5,7.824757,0.039295,"ops/us",0,56,1024,256
"io.github.richardstartin.multimatcher.benchmarks.LogicalAggregationBenchmark.intersectionWithOffset:ld_blocks_partial.address_alias","thrpt",1,1,161.210599,NaN,"#/op",0,56,1024,256
"io.github.richardstartin.multimatcher.benchmarks.LogicalAggregationBenchmark.intersectionWithOffset","thrpt",1,5,8.150485,0.012089,"ops/us",0,64,1024,256
"io.github.richardstartin.multimatcher.benchmarks.LogicalAggregationBenchmark.intersectionWithOffset:ld_blocks_partial.address_alias","thrpt",1,1,144.791838,NaN,"#/op",0,64,1024,256
"io.github.richardstartin.multimatcher.benchmarks.LogicalAggregationBenchmark.intersectionWithOffset","thrpt",1,5,8.538476,0.015921,"ops/us",0,72,1024,256
"io.github.richardstartin.multimatcher.benchmarks.LogicalAggregationBenchmark.intersectionWithOffset:ld_blocks_partial.address_alias","thrpt",1,1,79.723172,NaN,"#/op",0,72,1024,256
"io.github.richardstartin.multimatcher.benchmarks.LogicalAggregationBenchmark.intersectionWithOffset","thrpt",1,5,8.612959,0.026408,"ops/us",0,80,1024,256
"io.github.richardstartin.multimatcher.benchmarks.LogicalAggregationBenchmark.intersectionWithOffset:ld_blocks_partial.address_alias","thrpt",1,1,2.066102,NaN,"#/op",0,80,1024,256
"io.github.richardstartin.multimatcher.benchmarks.LogicalAggregationBenchmark.intersectionWithOffset","thrpt",1,5,8.607773,0.037351,"ops/us",0,88,1024,256
"io.github.richardstartin.multimatcher.benchmarks.LogicalAggregationBenchmark.intersectionWithOffset:ld_blocks_partial.address_alias","thrpt",1,1,1.187422,NaN,"#/op",0,88,1024,256
"io.github.richardstartin.multimatcher.benchmarks.LogicalAggregationBenchmark.intersectionWithOffset","thrpt",1,5,8.616756,0.011050,"ops/us",0,96,1024,256
"io.github.richardstartin.multimatcher.benchmarks.LogicalAggregationBenchmark.intersectionWithOffset:ld_blocks_partial.address_alias","thrpt",1,1,1.064379,NaN,"#/op",0,96,1024,256
"io.github.richardstartin.multimatcher.benchmarks.LogicalAggregationBenchmark.intersectionWithOffset","thrpt",1,5,8.614833,0.012681,"ops/us",0,104,1024,256
"io.github.richardstartin.multimatcher.benchmarks.LogicalAggregationBenchmark.intersectionWithOffset:ld_blocks_partial.address_alias","thrpt",1,1,1.028075,NaN,"#/op",0,104,1024,256
"io.github.richardstartin.multimatcher.benchmarks.LogicalAggregationBenchmark.intersectionWithOffset","thrpt",1,5,8.617081,0.008923,"ops/us",0,112,1024,256
"io.github.richardstartin.multimatcher.benchmarks.LogicalAggregationBenchmark.intersectionWithOffset:ld_blocks_partial.address_alias","thrpt",1,1,1.020950,NaN,"#/op",0,112,1024,256
"io.github.richardstartin.multimatcher.benchmarks.LogicalAggregationBenchmark.intersectionWithOffset","thrpt",1,5,8.608049,0.041090,"ops/us",0,120,1024,256
"io.github.richardstartin.multimatcher.benchmarks.LogicalAggregationBenchmark.intersectionWithOffset:ld_blocks_partial.address_alias","thrpt",1,1,1.018102,NaN,"#/op",0,120,1024,256
"io.github.richardstartin.multimatcher.benchmarks.LogicalAggregationBenchmark.intersectionWithOffset","thrpt",1,5,8.598140,0.104122,"ops/us",0,128,1024,256
"io.github.richardstartin.multimatcher.benchmarks.LogicalAggregationBenchmark.intersectionWithOffset:ld_blocks_partial.address_alias","thrpt",1,1,1.076382,NaN,"#/op",0,128,1024,256
"io.github.richardstartin.multimatcher.benchmarks.LogicalAggregationBenchmark.intersectionWithOffset","thrpt",1,5,8.616061,0.013893,"ops/us",0,136,1024,256
"io.github.richardstartin.multimatcher.benchmarks.LogicalAggregationBenchmark.intersectionWithOffset:ld_blocks_partial.address_alias","thrpt",1,1,1.010265,NaN,"#/op",0,136,1024,256
"io.github.richardstartin.multimatcher.benchmarks.LogicalAggregationBenchmark.intersectionWithOffset","thrpt",1,5,8.618821,0.006074,"ops/us",0,144,1024,256
"io.github.richardstartin.multimatcher.benchmarks.LogicalAggregationBenchmark.intersectionWithOffset:ld_blocks_partial.address_alias","thrpt",1,1,1.011695,NaN,"#/op",0,144,1024,256
"io.github.richardstartin.multimatcher.benchmarks.LogicalAggregationBenchmark.intersectionWithOffset","thrpt",1,5,8.618521,0.023993,"ops/us",0,152,1024,256
"io.github.richardstartin.multimatcher.benchmarks.LogicalAggregationBenchmark.intersectionWithOffset:ld_blocks_partial.address_alias","thrpt",1,1,1.006557,NaN,"#/op",0,152,1024,256
"io.github.richardstartin.multimatcher.benchmarks.LogicalAggregationBenchmark.intersectionWithOffset","thrpt",1,5,8.613278,0.032809,"ops/us",0,160,1024,256
"io.github.richardstartin.multimatcher.benchmarks.LogicalAggregationBenchmark.intersectionWithOffset:ld_blocks_partial.address_alias","thrpt",1,1,1.009310,NaN,"#/op",0,160,1024,256
"io.github.richardstartin.multimatcher.benchmarks.LogicalAggregationBenchmark.intersectionWithOffset","thrpt",1,5,8.608268,0.038865,"ops/us",0,168,1024,256
"io.github.richardstartin.multimatcher.benchmarks.LogicalAggregationBenchmark.intersectionWithOffset:ld_blocks_partial.address_alias","thrpt",1,1,1.010566,NaN,"#/op",0,168,1024,256
"io.github.richardstartin.multimatcher.benchmarks.LogicalAggregationBenchmark.intersectionWithOffset","thrpt",1,5,8.609727,0.032420,"ops/us",0,176,1024,256
"io.github.richardstartin.multimatcher.benchmarks.LogicalAggregationBenchmark.intersectionWithOffset:ld_blocks_partial.address_alias","thrpt",1,1,1.005433,NaN,"#/op",0,176,1024,256
"io.github.richardstartin.multimatcher.benchmarks.LogicalAggregationBenchmark.intersectionWithOffset","thrpt",1,5,8.619916,0.012358,"ops/us",0,184,1024,256
"io.github.richardstartin.multimatcher.benchmarks.LogicalAggregationBenchmark.intersectionWithOffset:ld_blocks_partial.address_alias","thrpt",1,1,1.009007,NaN,"#/op",0,184,1024,256
"io.github.richardstartin.multimatcher.benchmarks.LogicalAggregationBenchmark.intersectionWithOffset","thrpt",1,5,8.616474,0.021810,"ops/us",0,192,1024,256
"io.github.richardstartin.multimatcher.benchmarks.LogicalAggregationBenchmark.intersectionWithOffset:ld_blocks_partial.address_alias","thrpt",1,1,1.002233,NaN,"#/op",0,192,1024,256
"io.github.richardstartin.multimatcher.benchmarks.LogicalAggregationBenchmark.intersectionWithOffset","thrpt",1,5,8.592382,0.138861,"ops/us",0,200,1024,256
"io.github.richardstartin.multimatcher.benchmarks.LogicalAggregationBenchmark.intersectionWithOffset:ld_blocks_partial.address_alias","thrpt",1,1,1.007528,NaN,"#/op",0,200,1024,256
"io.github.richardstartin.multimatcher.benchmarks.LogicalAggregationBenchmark.intersectionWithOffset","thrpt",1,5,8.605003,0.046340,"ops/us",0,208,1024,256
"io.github.richardstartin.multimatcher.benchmarks.LogicalAggregationBenchmark.intersectionWithOffset:ld_blocks_partial.address_alias","thrpt",1,1,1.015308,NaN,"#/op",0,208,1024,256
"io.github.richardstartin.multimatcher.benchmarks.LogicalAggregationBenchmark.intersectionWithOffset","thrpt",1,5,8.245801,0.073464,"ops/us",0,216,1024,256
"io.github.richardstartin.multimatcher.benchmarks.LogicalAggregationBenchmark.intersectionWithOffset:ld_blocks_partial.address_alias","thrpt",1,1,1.013118,NaN,"#/op",0,216,1024,256
"io.github.richardstartin.multimatcher.benchmarks.LogicalAggregationBenchmark.intersectionWithOffset","thrpt",1,5,8.614104,0.011557,"ops/us",0,224,1024,256
"io.github.richardstartin.multimatcher.benchmarks.LogicalAggregationBenchmark.intersectionWithOffset:ld_blocks_partial.address_alias","thrpt",1,1,1.012239,NaN,"#/op",0,224,1024,256
"io.github.richardstartin.multimatcher.benchmarks.LogicalAggregationBenchmark.intersectionWithOffset","thrpt",1,5,8.610492,0.031455,"ops/us",0,232,1024,256
"io.github.richardstartin.multimatcher.benchmarks.LogicalAggregationBenchmark.intersectionWithOffset:ld_blocks_partial.address_alias","thrpt",1,1,1.009861,NaN,"#/op",0,232,1024,256
"io.github.richardstartin.multimatcher.benchmarks.LogicalAggregationBenchmark.intersectionWithOffset","thrpt",1,5,8.602851,0.070580,"ops/us",0,240,1024,256
"io.github.richardstartin.multimatcher.benchmarks.LogicalAggregationBenchmark.intersectionWithOffset:ld_blocks_partial.address_alias","thrpt",1,1,1.005441,NaN,"#/op",0,240,1024,256
"io.github.richardstartin.multimatcher.benchmarks.LogicalAggregationBenchmark.intersectionWithOffset","thrpt",1,5,8.613240,0.016841,"ops/us",0,248,1024,256
"io.github.richardstartin.multimatcher.benchmarks.LogicalAggregationBenchmark.intersectionWithOffset:ld_blocks_partial.address_alias","thrpt",1,1,1.014960,NaN,"#/op",0,248,1024,256
"io.github.richardstartin.multimatcher.benchmarks.LogicalAggregationBenchmark.intersectionWithOffset","thrpt",1,5,8.600967,0.006834,"ops/us",0,256,1024,256
"io.github.richardstartin.multimatcher.benchmarks.LogicalAggregationBenchmark.intersectionWithOffset:ld_blocks_partial.address_alias","thrpt",1,1,3.671196,NaN,"#/op",0,256,1024,256
"io.github.richardstartin.multimatcher.benchmarks.LogicalAggregationBenchmark.intersectionWithOffset","thrpt",1,5,8.615727,0.026763,"ops/us",256,0,1024,256
"io.github.richardstartin.multimatcher.benchmarks.LogicalAggregationBenchmark.intersectionWithOffset:ld_blocks_partial.address_alias","thrpt",1,1,1.160080,NaN,"#/op",256,0,1024,256
"io.github.richardstartin.multimatcher.benchmarks.LogicalAggregationBenchmark.intersectionWithOffset","thrpt",1,5,8.608579,0.042384,"ops/us",256,8,1024,256
"io.github.richardstartin.multimatcher.benchmarks.LogicalAggregationBenchmark.intersectionWithOffset:ld_blocks_partial.address_alias","thrpt",1,1,1.017686,NaN,"#/op",256,8,1024,256
"io.github.richardstartin.multimatcher.benchmarks.LogicalAggregationBenchmark.intersectionWithOffset","thrpt",1,5,8.613121,0.041552,"ops/us",256,16,1024,256
"io.github.richardstartin.multimatcher.benchmarks.LogicalAggregationBenchmark.intersectionWithOffset:ld_blocks_partial.address_alias","thrpt",1,1,1.033050,NaN,"#/op",256,16,1024,256
"io.github.richardstartin.multimatcher.benchmarks.LogicalAggregationBenchmark.intersectionWithOffset","thrpt",1,5,8.614516,0.018566,"ops/us",256,24,1024,256
"io.github.richardstartin.multimatcher.benchmarks.LogicalAggregationBenchmark.intersectionWithOffset:ld_blocks_partial.address_alias","thrpt",1,1,1.027794,NaN,"#/op",256,24,1024,256
"io.github.richardstartin.multimatcher.benchmarks.LogicalAggregationBenchmark.intersectionWithOffset","thrpt",1,5,8.609372,0.023370,"ops/us",256,32,1024,256
"io.github.richardstartin.multimatcher.benchmarks.LogicalAggregationBenchmark.intersectionWithOffset:ld_blocks_partial.address_alias","thrpt",1,1,1.005123,NaN,"#/op",256,32,1024,256
"io.github.richardstartin.multimatcher.benchmarks.LogicalAggregationBenchmark.intersectionWithOffset","thrpt",1,5,8.615746,0.017939,"ops/us",256,40,1024,256
"io.github.richardstartin.multimatcher.benchmarks.LogicalAggregationBenchmark.intersectionWithOffset:ld_blocks_partial.address_alias","thrpt",1,1,1.018466,NaN,"#/op",256,40,1024,256
"io.github.richardstartin.multimatcher.benchmarks.LogicalAggregationBenchmark.intersectionWithOffset","thrpt",1,5,8.612196,0.041017,"ops/us",256,48,1024,256
"io.github.richardstartin.multimatcher.benchmarks.LogicalAggregationBenchmark.intersectionWithOffset:ld_blocks_partial.address_alias","thrpt",1,1,1.005192,NaN,"#/op",256,48,1024,256
"io.github.richardstartin.multimatcher.benchmarks.LogicalAggregationBenchmark.intersectionWithOffset","thrpt",1,5,8.595046,0.130984,"ops/us",256,56,1024,256
"io.github.richardstartin.multimatcher.benchmarks.LogicalAggregationBenchmark.intersectionWithOffset:ld_blocks_partial.address_alias","thrpt",1,1,1.008489,NaN,"#/op",256,56,1024,256
"io.github.richardstartin.multimatcher.benchmarks.LogicalAggregationBenchmark.intersectionWithOffset","thrpt",1,5,8.601543,0.077546,"ops/us",256,64,1024,256
"io.github.richardstartin.multimatcher.benchmarks.LogicalAggregationBenchmark.intersectionWithOffset:ld_blocks_partial.address_alias","thrpt",1,1,1.009083,NaN,"#/op",256,64,1024,256
"io.github.richardstartin.multimatcher.benchmarks.LogicalAggregationBenchmark.intersectionWithOffset","thrpt",1,5,8.528400,0.600593,"ops/us",256,72,1024,256
"io.github.richardstartin.multimatcher.benchmarks.LogicalAggregationBenchmark.intersectionWithOffset:ld_blocks_partial.address_alias","thrpt",1,1,1.011416,NaN,"#/op",256,72,1024,256
"io.github.richardstartin.multimatcher.benchmarks.LogicalAggregationBenchmark.intersectionWithOffset","thrpt",1,5,8.553422,0.389710,"ops/us",256,80,1024,256
"io.github.richardstartin.multimatcher.benchmarks.LogicalAggregationBenchmark.intersectionWithOffset:ld_blocks_partial.address_alias","thrpt",1,1,1.015761,NaN,"#/op",256,80,1024,256
"io.github.richardstartin.multimatcher.benchmarks.LogicalAggregationBenchmark.intersectionWithOffset","thrpt",1,5,8.255748,0.054998,"ops/us",256,88,1024,256
"io.github.richardstartin.multimatcher.benchmarks.LogicalAggregationBenchmark.intersectionWithOffset:ld_blocks_partial.address_alias","thrpt",1,1,1.018834,NaN,"#/op",256,88,1024,256
"io.github.richardstartin.multimatcher.benchmarks.LogicalAggregationBenchmark.intersectionWithOffset","thrpt",1,5,8.609404,0.018669,"ops/us",256,96,1024,256
"io.github.richardstartin.multimatcher.benchmarks.LogicalAggregationBenchmark.intersectionWithOffset:ld_blocks_partial.address_alias","thrpt",1,1,1.214153,NaN,"#/op",256,96,1024,256
"io.github.richardstartin.multimatcher.benchmarks.LogicalAggregationBenchmark.intersectionWithOffset","thrpt",1,5,8.604590,0.039756,"ops/us",256,104,1024,256
"io.github.richardstartin.multimatcher.benchmarks.LogicalAggregationBenchmark.intersectionWithOffset:ld_blocks_partial.address_alias","thrpt",1,1,1.011572,NaN,"#/op",256,104,1024,256
"io.github.richardstartin.multimatcher.benchmarks.LogicalAggregationBenchmark.intersectionWithOffset","thrpt",1,5,8.612657,0.026345,"ops/us",256,112,1024,256
"io.github.richardstartin.multimatcher.benchmarks.LogicalAggregationBenchmark.intersectionWithOffset:ld_blocks_partial.address_alias","thrpt",1,1,1.210972,NaN,"#/op",256,112,1024,256
"io.github.richardstartin.multimatcher.benchmarks.LogicalAggregationBenchmark.intersectionWithOffset","thrpt",1,5,8.615555,0.012061,"ops/us",256,120,1024,256
"io.github.richardstartin.multimatcher.benchmarks.LogicalAggregationBenchmark.intersectionWithOffset:ld_blocks_partial.address_alias","thrpt",1,1,1.015396,NaN,"#/op",256,120,1024,256
"io.github.richardstartin.multimatcher.benchmarks.LogicalAggregationBenchmark.intersectionWithOffset","thrpt",1,5,8.245744,0.074442,"ops/us",256,128,1024,256
"io.github.richardstartin.multimatcher.benchmarks.LogicalAggregationBenchmark.intersectionWithOffset:ld_blocks_partial.address_alias","thrpt",1,1,1.019007,NaN,"#/op",256,128,1024,256
"io.github.richardstartin.multimatcher.benchmarks.LogicalAggregationBenchmark.intersectionWithOffset","thrpt",1,5,8.610916,0.019391,"ops/us",256,136,1024,256
"io.github.richardstartin.multimatcher.benchmarks.LogicalAggregationBenchmark.intersectionWithOffset:ld_blocks_partial.address_alias","thrpt",1,1,1.008903,NaN,"#/op",256,136,1024,256
"io.github.richardstartin.multimatcher.benchmarks.LogicalAggregationBenchmark.intersectionWithOffset","thrpt",1,5,8.615598,0.018574,"ops/us",256,144,1024,256
"io.github.richardstartin.multimatcher.benchmarks.LogicalAggregationBenchmark.intersectionWithOffset:ld_blocks_partial.address_alias","thrpt",1,1,1.009815,NaN,"#/op",256,144,1024,256
"io.github.richardstartin.multimatcher.benchmarks.LogicalAggregationBenchmark.intersectionWithOffset","thrpt",1,5,8.613603,0.041583,"ops/us",256,152,1024,256
"io.github.richardstartin.multimatcher.benchmarks.LogicalAggregationBenchmark.intersectionWithOffset:ld_blocks_partial.address_alias","thrpt",1,1,1.007132,NaN,"#/op",256,152,1024,256
"io.github.richardstartin.multimatcher.benchmarks.LogicalAggregationBenchmark.intersectionWithOffset","thrpt",1,5,8.607648,0.048166,"ops/us",256,160,1024,256
"io.github.richardstartin.multimatcher.benchmarks.LogicalAggregationBenchmark.intersectionWithOffset:ld_blocks_partial.address_alias","thrpt",1,1,1.005503,NaN,"#/op",256,160,1024,256
"io.github.richardstartin.multimatcher.benchmarks.LogicalAggregationBenchmark.intersectionWithOffset","thrpt",1,5,8.615124,0.027197,"ops/us",256,168,1024,256
"io.github.richardstartin.multimatcher.benchmarks.LogicalAggregationBenchmark.intersectionWithOffset:ld_blocks_partial.address_alias","thrpt",1,1,1.004394,NaN,"#/op",256,168,1024,256
"io.github.richardstartin.multimatcher.benchmarks.LogicalAggregationBenchmark.intersectionWithOffset","thrpt",1,5,8.614491,0.030266,"ops/us",256,176,1024,256
"io.github.richardstartin.multimatcher.benchmarks.LogicalAggregationBenchmark.intersectionWithOffset:ld_blocks_partial.address_alias","thrpt",1,1,1.005353,NaN,"#/op",256,176,1024,256
"io.github.richardstartin.multimatcher.benchmarks.LogicalAggregationBenchmark.intersectionWithOffset","thrpt",1,5,8.613260,0.019282,"ops/us",256,184,1024,256
"io.github.richardstartin.multimatcher.benchmarks.LogicalAggregationBenchmark.intersectionWithOffset:ld_blocks_partial.address_alias","thrpt",1,1,1.005212,NaN,"#/op",256,184,1024,256
"io.github.richardstartin.multimatcher.benchmarks.LogicalAggregationBenchmark.intersectionWithOffset","thrpt",1,5,8.615420,0.019271,"ops/us",256,192,1024,256
"io.github.richardstartin.multimatcher.benchmarks.LogicalAggregationBenchmark.intersectionWithOffset:ld_blocks_partial.address_alias","thrpt",1,1,1.008470,NaN,"#/op",256,192,1024,256
"io.github.richardstartin.multimatcher.benchmarks.LogicalAggregationBenchmark.intersectionWithOffset","thrpt",1,5,8.611930,0.036529,"ops/us",256,200,1024,256
"io.github.richardstartin.multimatcher.benchmarks.LogicalAggregationBenchmark.intersectionWithOffset:ld_blocks_partial.address_alias","thrpt",1,1,1.008819,NaN,"#/op",256,200,1024,256
"io.github.richardstartin.multimatcher.benchmarks.LogicalAggregationBenchmark.intersectionWithOffset","thrpt",1,5,8.612290,0.024843,"ops/us",256,208,1024,256
"io.github.richardstartin.multimatcher.benchmarks.LogicalAggregationBenchmark.intersectionWithOffset:ld_blocks_partial.address_alias","thrpt",1,1,1.013312,NaN,"#/op",256,208,1024,256
"io.github.richardstartin.multimatcher.benchmarks.LogicalAggregationBenchmark.intersectionWithOffset","thrpt",1,5,8.614359,0.016453,"ops/us",256,216,1024,256
"io.github.richardstartin.multimatcher.benchmarks.LogicalAggregationBenchmark.intersectionWithOffset:ld_blocks_partial.address_alias","thrpt",1,1,1.009525,NaN,"#/op",256,216,1024,256
"io.github.richardstartin.multimatcher.benchmarks.LogicalAggregationBenchmark.intersectionWithOffset","thrpt",1,5,8.615574,0.012527,"ops/us",256,224,1024,256
"io.github.richardstartin.multimatcher.benchmarks.LogicalAggregationBenchmark.intersectionWithOffset:ld_blocks_partial.address_alias","thrpt",1,1,1.005366,NaN,"#/op",256,224,1024,256
"io.github.richardstartin.multimatcher.benchmarks.LogicalAggregationBenchmark.intersectionWithOffset","thrpt",1,5,8.305637,0.057750,"ops/us",256,232,1024,256
"io.github.richardstartin.multimatcher.benchmarks.LogicalAggregationBenchmark.intersectionWithOffset:ld_blocks_partial.address_alias","thrpt",1,1,1.012377,NaN,"#/op",256,232,1024,256
"io.github.richardstartin.multimatcher.benchmarks.LogicalAggregationBenchmark.intersectionWithOffset","thrpt",1,5,8.613877,0.011843,"ops/us",256,240,1024,256
"io.github.richardstartin.multimatcher.benchmarks.LogicalAggregationBenchmark.intersectionWithOffset:ld_blocks_partial.address_alias","thrpt",1,1,1.015413,NaN,"#/op",256,240,1024,256
"io.github.richardstartin.multimatcher.benchmarks.LogicalAggregationBenchmark.intersectionWithOffset","thrpt",1,5,8.604562,0.031967,"ops/us",256,248,1024,256
"io.github.richardstartin.multimatcher.benchmarks.LogicalAggregationBenchmark.intersectionWithOffset:ld_blocks_partial.address_alias","thrpt",1,1,1.013965,NaN,"#/op",256,248,1024,256
"io.github.richardstartin.multimatcher.benchmarks.LogicalAggregationBenchmark.intersectionWithOffset","thrpt",1,5,8.602997,0.051262,"ops/us",256,256,1024,256
"io.github.richardstartin.multimatcher.benchmarks.LogicalAggregationBenchmark.intersectionWithOffset:ld_blocks_partial.address_alias","thrpt",1,1,1.015125,NaN,"#/op",256,256,1024,256
"io.github.richardstartin.multimatcher.benchmarks.LogicalAggregationBenchmark.intersectionWithOffset","thrpt",1,5,6.572488,0.025369,"ops/us",512,0,1024,256
"io.github.richardstartin.multimatcher.benchmarks.LogicalAggregationBenchmark.intersectionWithOffset:ld_blocks_partial.address_alias","thrpt",1,1,253.600222,NaN,"#/op",512,0,1024,256
"io.github.richardstartin.multimatcher.benchmarks.LogicalAggregationBenchmark.intersectionWithOffset","thrpt",1,5,6.576015,0.010499,"ops/us",512,8,1024,256
"io.github.richardstartin.multimatcher.benchmarks.LogicalAggregationBenchmark.intersectionWithOffset:ld_blocks_partial.address_alias","thrpt",1,1,251.088988,NaN,"#/op",512,8,1024,256
"io.github.richardstartin.multimatcher.benchmarks.LogicalAggregationBenchmark.intersectionWithOffset","thrpt",1,5,6.261798,0.056792,"ops/us",512,16,1024,256
"io.github.richardstartin.multimatcher.benchmarks.LogicalAggregationBenchmark.intersectionWithOffset:ld_blocks_partial.address_alias","thrpt",1,1,249.733857,NaN,"#/op",512,16,1024,256
"io.github.richardstartin.multimatcher.benchmarks.LogicalAggregationBenchmark.intersectionWithOffset","thrpt",1,5,5.999413,0.013216,"ops/us",512,24,1024,256
"io.github.richardstartin.multimatcher.benchmarks.LogicalAggregationBenchmark.intersectionWithOffset:ld_blocks_partial.address_alias","thrpt",1,1,249.742266,NaN,"#/op",512,24,1024,256
"io.github.richardstartin.multimatcher.benchmarks.LogicalAggregationBenchmark.intersectionWithOffset","thrpt",1,5,6.436089,0.022111,"ops/us",512,32,1024,256
"io.github.richardstartin.multimatcher.benchmarks.LogicalAggregationBenchmark.intersectionWithOffset:ld_blocks_partial.address_alias","thrpt",1,1,236.801603,NaN,"#/op",512,32,1024,256
"io.github.richardstartin.multimatcher.benchmarks.LogicalAggregationBenchmark.intersectionWithOffset","thrpt",1,5,6.829668,0.026316,"ops/us",512,40,1024,256
"io.github.richardstartin.multimatcher.benchmarks.LogicalAggregationBenchmark.intersectionWithOffset:ld_blocks_partial.address_alias","thrpt",1,1,219.169199,NaN,"#/op",512,40,1024,256
"io.github.richardstartin.multimatcher.benchmarks.LogicalAggregationBenchmark.intersectionWithOffset","thrpt",1,5,7.388207,0.043148,"ops/us",512,48,1024,256
"io.github.richardstartin.multimatcher.benchmarks.LogicalAggregationBenchmark.intersectionWithOffset:ld_blocks_partial.address_alias","thrpt",1,1,185.628500,NaN,"#/op",512,48,1024,256
"io.github.richardstartin.multimatcher.benchmarks.LogicalAggregationBenchmark.intersectionWithOffset","thrpt",1,5,7.466060,1.365517,"ops/us",512,56,1024,256
"io.github.richardstartin.multimatcher.benchmarks.LogicalAggregationBenchmark.intersectionWithOffset:ld_blocks_partial.address_alias","thrpt",1,1,160.507280,NaN,"#/op",512,56,1024,256
"io.github.richardstartin.multimatcher.benchmarks.LogicalAggregationBenchmark.intersectionWithOffset","thrpt",1,5,8.106520,0.035586,"ops/us",512,64,1024,256
"io.github.richardstartin.multimatcher.benchmarks.LogicalAggregationBenchmark.intersectionWithOffset:ld_blocks_partial.address_alias","thrpt",1,1,143.460142,NaN,"#/op",512,64,1024,256
"io.github.richardstartin.multimatcher.benchmarks.LogicalAggregationBenchmark.intersectionWithOffset","thrpt",1,5,8.493620,0.018095,"ops/us",512,72,1024,256
"io.github.richardstartin.multimatcher.benchmarks.LogicalAggregationBenchmark.intersectionWithOffset:ld_blocks_partial.address_alias","thrpt",1,1,80.296043,NaN,"#/op",512,72,1024,256
"io.github.richardstartin.multimatcher.benchmarks.LogicalAggregationBenchmark.intersectionWithOffset","thrpt",1,5,8.562054,0.027693,"ops/us",512,80,1024,256
"io.github.richardstartin.multimatcher.benchmarks.LogicalAggregationBenchmark.intersectionWithOffset:ld_blocks_partial.address_alias","thrpt",1,1,2.096399,NaN,"#/op",512,80,1024,256
"io.github.richardstartin.multimatcher.benchmarks.LogicalAggregationBenchmark.intersectionWithOffset","thrpt",1,5,8.556598,0.059402,"ops/us",512,88,1024,256
"io.github.richardstartin.multimatcher.benchmarks.LogicalAggregationBenchmark.intersectionWithOffset:ld_blocks_partial.address_alias","thrpt",1,1,1.196670,NaN,"#/op",512,88,1024,256
"io.github.richardstartin.multimatcher.benchmarks.LogicalAggregationBenchmark.intersectionWithOffset","thrpt",1,5,8.561062,0.052111,"ops/us",512,96,1024,256
"io.github.richardstartin.multimatcher.benchmarks.LogicalAggregationBenchmark.intersectionWithOffset:ld_blocks_partial.address_alias","thrpt",1,1,1.663670,NaN,"#/op",512,96,1024,256
"io.github.richardstartin.multimatcher.benchmarks.LogicalAggregationBenchmark.intersectionWithOffset","thrpt",1,5,8.558961,0.042423,"ops/us",512,104,1024,256
"io.github.richardstartin.multimatcher.benchmarks.LogicalAggregationBenchmark.intersectionWithOffset:ld_blocks_partial.address_alias","thrpt",1,1,1.038815,NaN,"#/op",512,104,1024,256
"io.github.richardstartin.multimatcher.benchmarks.LogicalAggregationBenchmark.intersectionWithOffset","thrpt",1,5,8.560809,0.051755,"ops/us",512,112,1024,256
"io.github.richardstartin.multimatcher.benchmarks.LogicalAggregationBenchmark.intersectionWithOffset:ld_blocks_partial.address_alias","thrpt",1,1,1.027703,NaN,"#/op",512,112,1024,256
"io.github.richardstartin.multimatcher.benchmarks.LogicalAggregationBenchmark.intersectionWithOffset","thrpt",1,5,8.567560,0.045384,"ops/us",512,120,1024,256
"io.github.richardstartin.multimatcher.benchmarks.LogicalAggregationBenchmark.intersectionWithOffset:ld_blocks_partial.address_alias","thrpt",1,1,1.019059,NaN,"#/op",512,120,1024,256
"io.github.richardstartin.multimatcher.benchmarks.LogicalAggregationBenchmark.intersectionWithOffset","thrpt",1,5,8.563839,0.058440,"ops/us",512,128,1024,256
"io.github.richardstartin.multimatcher.benchmarks.LogicalAggregationBenchmark.intersectionWithOffset:ld_blocks_partial.address_alias","thrpt",1,1,1.088044,NaN,"#/op",512,128,1024,256
"io.github.richardstartin.multimatcher.benchmarks.LogicalAggregationBenchmark.intersectionWithOffset","thrpt",1,5,8.563875,0.066526,"ops/us",512,136,1024,256
"io.github.richardstartin.multimatcher.benchmarks.LogicalAggregationBenchmark.intersectionWithOffset:ld_blocks_partial.address_alias","thrpt",1,1,1.023550,NaN,"#/op",512,136,1024,256
"io.github.richardstartin.multimatcher.benchmarks.LogicalAggregationBenchmark.intersectionWithOffset","thrpt",1,5,8.568907,0.027944,"ops/us",512,144,1024,256
"io.github.richardstartin.multimatcher.benchmarks.LogicalAggregationBenchmark.intersectionWithOffset:ld_blocks_partial.address_alias","thrpt",1,1,1.020839,NaN,"#/op",512,144,1024,256
"io.github.richardstartin.multimatcher.benchmarks.LogicalAggregationBenchmark.intersectionWithOffset","thrpt",1,5,8.570529,0.037126,"ops/us",512,152,1024,256
"io.github.richardstartin.multimatcher.benchmarks.LogicalAggregationBenchmark.intersectionWithOffset:ld_blocks_partial.address_alias","thrpt",1,1,1.020329,NaN,"#/op",512,152,1024,256
"io.github.richardstartin.multimatcher.benchmarks.LogicalAggregationBenchmark.intersectionWithOffset","thrpt",1,5,8.566343,0.045608,"ops/us",512,160,1024,256
"io.github.richardstartin.multimatcher.benchmarks.LogicalAggregationBenchmark.intersectionWithOffset:ld_blocks_partial.address_alias","thrpt",1,1,1.016098,NaN,"#/op",512,160,1024,256
"io.github.richardstartin.multimatcher.benchmarks.LogicalAggregationBenchmark.intersectionWithOffset","thrpt",1,5,8.574971,0.027250,"ops/us",512,168,1024,256
"io.github.richardstartin.multimatcher.benchmarks.LogicalAggregationBenchmark.intersectionWithOffset:ld_blocks_partial.address_alias","thrpt",1,1,1.016518,NaN,"#/op",512,168,1024,256
"io.github.richardstartin.multimatcher.benchmarks.LogicalAggregationBenchmark.intersectionWithOffset","thrpt",1,5,8.585137,0.025586,"ops/us",512,176,1024,256
"io.github.richardstartin.multimatcher.benchmarks.LogicalAggregationBenchmark.intersectionWithOffset:ld_blocks_partial.address_alias","thrpt",1,1,1.002387,NaN,"#/op",512,176,1024,256
"io.github.richardstartin.multimatcher.benchmarks.LogicalAggregationBenchmark.intersectionWithOffset","thrpt",1,5,8.572379,0.028943,"ops/us",512,184,1024,256
"io.github.richardstartin.multimatcher.benchmarks.LogicalAggregationBenchmark.intersectionWithOffset:ld_blocks_partial.address_alias","thrpt",1,1,1.020537,NaN,"#/op",512,184,1024,256
"io.github.richardstartin.multimatcher.benchmarks.LogicalAggregationBenchmark.intersectionWithOffset","thrpt",1,5,8.573722,0.042410,"ops/us",512,192,1024,256
"io.github.richardstartin.multimatcher.benchmarks.LogicalAggregationBenchmark.intersectionWithOffset:ld_blocks_partial.address_alias","thrpt",1,1,1.018399,NaN,"#/op",512,192,1024,256
"io.github.richardstartin.multimatcher.benchmarks.LogicalAggregationBenchmark.intersectionWithOffset","thrpt",1,5,8.559119,0.055579,"ops/us",512,200,1024,256
"io.github.richardstartin.multimatcher.benchmarks.LogicalAggregationBenchmark.intersectionWithOffset:ld_blocks_partial.address_alias","thrpt",1,1,1.004404,NaN,"#/op",512,200,1024,256
"io.github.richardstartin.multimatcher.benchmarks.LogicalAggregationBenchmark.intersectionWithOffset","thrpt",1,5,8.564943,0.059363,"ops/us",512,208,1024,256
"io.github.richardstartin.multimatcher.benchmarks.LogicalAggregationBenchmark.intersectionWithOffset:ld_blocks_partial.address_alias","thrpt",1,1,1.010323,NaN,"#/op",512,208,1024,256
"io.github.richardstartin.multimatcher.benchmarks.LogicalAggregationBenchmark.intersectionWithOffset","thrpt",1,5,8.568135,0.047197,"ops/us",512,216,1024,256
"io.github.richardstartin.multimatcher.benchmarks.LogicalAggregationBenchmark.intersectionWithOffset:ld_blocks_partial.address_alias","thrpt",1,1,1.018554,NaN,"#/op",512,216,1024,256
"io.github.richardstartin.multimatcher.benchmarks.LogicalAggregationBenchmark.intersectionWithOffset","thrpt",1,5,8.582339,0.038996,"ops/us",512,224,1024,256
"io.github.richardstartin.multimatcher.benchmarks.LogicalAggregationBenchmark.intersectionWithOffset:ld_blocks_partial.address_alias","thrpt",1,1,1.014414,NaN,"#/op",512,224,1024,256
"io.github.richardstartin.multimatcher.benchmarks.LogicalAggregationBenchmark.intersectionWithOffset","thrpt",1,5,8.581034,0.039207,"ops/us",512,232,1024,256
"io.github.richardstartin.multimatcher.benchmarks.LogicalAggregationBenchmark.intersectionWithOffset:ld_blocks_partial.address_alias","thrpt",1,1,1.018912,NaN,"#/op",512,232,1024,256
"io.github.richardstartin.multimatcher.benchmarks.LogicalAggregationBenchmark.intersectionWithOffset","thrpt",1,5,8.584938,0.036379,"ops/us",512,240,1024,256
"io.github.richardstartin.multimatcher.benchmarks.LogicalAggregationBenchmark.intersectionWithOffset:ld_blocks_partial.address_alias","thrpt",1,1,1.007569,NaN,"#/op",512,240,1024,256
"io.github.richardstartin.multimatcher.benchmarks.LogicalAggregationBenchmark.intersectionWithOffset","thrpt",1,5,8.355484,0.198470,"ops/us",512,248,1024,256
"io.github.richardstartin.multimatcher.benchmarks.LogicalAggregationBenchmark.intersectionWithOffset:ld_blocks_partial.address_alias","thrpt",1,1,1.020798,NaN,"#/op",512,248,1024,256
"io.github.richardstartin.multimatcher.benchmarks.LogicalAggregationBenchmark.intersectionWithOffset","thrpt",1,5,8.600020,0.027736,"ops/us",512,256,1024,256
"io.github.richardstartin.multimatcher.benchmarks.LogicalAggregationBenchmark.intersectionWithOffset:ld_blocks_partial.address_alias","thrpt",1,1,3.676136,NaN,"#/op",512,256,1024,256
"io.github.richardstartin.multimatcher.benchmarks.LogicalAggregationBenchmark.intersectionWithOffset","thrpt",1,5,8.617996,0.029682,"ops/us",768,0,1024,256
"io.github.richardstartin.multimatcher.benchmarks.LogicalAggregationBenchmark.intersectionWithOffset:ld_blocks_partial.address_alias","thrpt",1,1,1.166488,NaN,"#/op",768,0,1024,256
"io.github.richardstartin.multimatcher.benchmarks.LogicalAggregationBenchmark.intersectionWithOffset","thrpt",1,5,8.620807,0.022973,"ops/us",768,8,1024,256
"io.github.richardstartin.multimatcher.benchmarks.LogicalAggregationBenchmark.intersectionWithOffset:ld_blocks_partial.address_alias","thrpt",1,1,1.011749,NaN,"#/op",768,8,1024,256
"io.github.richardstartin.multimatcher.benchmarks.LogicalAggregationBenchmark.intersectionWithOffset","thrpt",1,5,8.614233,0.077701,"ops/us",768,16,1024,256
"io.github.richardstartin.multimatcher.benchmarks.LogicalAggregationBenchmark.intersectionWithOffset:ld_blocks_partial.address_alias","thrpt",1,1,1.034466,NaN,"#/op",768,16,1024,256
"io.github.richardstartin.multimatcher.benchmarks.LogicalAggregationBenchmark.intersectionWithOffset","thrpt",1,5,8.616794,0.044775,"ops/us",768,24,1024,256
"io.github.richardstartin.multimatcher.benchmarks.LogicalAggregationBenchmark.intersectionWithOffset:ld_blocks_partial.address_alias","thrpt",1,1,1.029029,NaN,"#/op",768,24,1024,256
"io.github.richardstartin.multimatcher.benchmarks.LogicalAggregationBenchmark.intersectionWithOffset","thrpt",1,5,8.617905,0.043310,"ops/us",768,32,1024,256
"io.github.richardstartin.multimatcher.benchmarks.LogicalAggregationBenchmark.intersectionWithOffset:ld_blocks_partial.address_alias","thrpt",1,1,1.009795,NaN,"#/op",768,32,1024,256
"io.github.richardstartin.multimatcher.benchmarks.LogicalAggregationBenchmark.intersectionWithOffset","thrpt",1,5,8.619098,0.022070,"ops/us",768,40,1024,256
"io.github.richardstartin.multimatcher.benchmarks.LogicalAggregationBenchmark.intersectionWithOffset:ld_blocks_partial.address_alias","thrpt",1,1,1.008109,NaN,"#/op",768,40,1024,256
"io.github.richardstartin.multimatcher.benchmarks.LogicalAggregationBenchmark.intersectionWithOffset","thrpt",1,5,8.613671,0.020090,"ops/us",768,48,1024,256
"io.github.richardstartin.multimatcher.benchmarks.LogicalAggregationBenchmark.intersectionWithOffset:ld_blocks_partial.address_alias","thrpt",1,1,1.007672,NaN,"#/op",768,48,1024,256
"io.github.richardstartin.multimatcher.benchmarks.LogicalAggregationBenchmark.intersectionWithOffset","thrpt",1,5,8.254940,0.087101,"ops/us",768,56,1024,256
"io.github.richardstartin.multimatcher.benchmarks.LogicalAggregationBenchmark.intersectionWithOffset:ld_blocks_partial.address_alias","thrpt",1,1,1.012722,NaN,"#/op",768,56,1024,256
"io.github.richardstartin.multimatcher.benchmarks.LogicalAggregationBenchmark.intersectionWithOffset","thrpt",1,5,8.621122,0.028782,"ops/us",768,64,1024,256
"io.github.richardstartin.multimatcher.benchmarks.LogicalAggregationBenchmark.intersectionWithOffset:ld_blocks_partial.address_alias","thrpt",1,1,1.013735,NaN,"#/op",768,64,1024,256
"io.github.richardstartin.multimatcher.benchmarks.LogicalAggregationBenchmark.intersectionWithOffset","thrpt",1,5,8.623784,0.013469,"ops/us",768,72,1024,256
"io.github.richardstartin.multimatcher.benchmarks.LogicalAggregationBenchmark.intersectionWithOffset:ld_blocks_partial.address_alias","thrpt",1,1,1.007485,NaN,"#/op",768,72,1024,256
"io.github.richardstartin.multimatcher.benchmarks.LogicalAggregationBenchmark.intersectionWithOffset","thrpt",1,5,8.621116,0.012486,"ops/us",768,80,1024,256
"io.github.richardstartin.multimatcher.benchmarks.LogicalAggregationBenchmark.intersectionWithOffset:ld_blocks_partial.address_alias","thrpt",1,1,1.010630,NaN,"#/op",768,80,1024,256
"io.github.richardstartin.multimatcher.benchmarks.LogicalAggregationBenchmark.intersectionWithOffset","thrpt",1,5,8.646907,0.026692,"ops/us",768,88,1024,256
"io.github.richardstartin.multimatcher.benchmarks.LogicalAggregationBenchmark.intersectionWithOffset:ld_blocks_partial.address_alias","thrpt",1,1,0.016424,NaN,"#/op",768,88,1024,256
"io.github.richardstartin.multimatcher.benchmarks.LogicalAggregationBenchmark.intersectionWithOffset","thrpt",1,5,8.299916,0.117267,"ops/us",768,96,1024,256
"io.github.richardstartin.multimatcher.benchmarks.LogicalAggregationBenchmark.intersectionWithOffset:ld_blocks_partial.address_alias","thrpt",1,1,1.007549,NaN,"#/op",768,96,1024,256
"io.github.richardstartin.multimatcher.benchmarks.LogicalAggregationBenchmark.intersectionWithOffset","thrpt",1,5,8.619333,0.012482,"ops/us",768,104,1024,256
"io.github.richardstartin.multimatcher.benchmarks.LogicalAggregationBenchmark.intersectionWithOffset:ld_blocks_partial.address_alias","thrpt",1,1,1.010234,NaN,"#/op",768,104,1024,256
"io.github.richardstartin.multimatcher.benchmarks.LogicalAggregationBenchmark.intersectionWithOffset","thrpt",1,5,8.618626,0.011984,"ops/us",768,112,1024,256
"io.github.richardstartin.multimatcher.benchmarks.LogicalAggregationBenchmark.intersectionWithOffset:ld_blocks_partial.address_alias","thrpt",1,1,1.005235,NaN,"#/op",768,112,1024,256
"io.github.richardstartin.multimatcher.benchmarks.LogicalAggregationBenchmark.intersectionWithOffset","thrpt",1,5,8.620526,0.006007,"ops/us",768,120,1024,256
"io.github.richardstartin.multimatcher.benchmarks.LogicalAggregationBenchmark.intersectionWithOffset:ld_blocks_partial.address_alias","thrpt",1,1,1.170425,NaN,"#/op",768,120,1024,256
"io.github.richardstartin.multimatcher.benchmarks.LogicalAggregationBenchmark.intersectionWithOffset","thrpt",1,5,8.621036,0.031376,"ops/us",768,128,1024,256
"io.github.richardstartin.multimatcher.benchmarks.LogicalAggregationBenchmark.intersectionWithOffset:ld_blocks_partial.address_alias","thrpt",1,1,1.009028,NaN,"#/op",768,128,1024,256
"io.github.richardstartin.multimatcher.benchmarks.LogicalAggregationBenchmark.intersectionWithOffset","thrpt",1,5,8.255653,0.079192,"ops/us",768,136,1024,256
"io.github.richardstartin.multimatcher.benchmarks.LogicalAggregationBenchmark.intersectionWithOffset:ld_blocks_partial.address_alias","thrpt",1,1,1.010966,NaN,"#/op",768,136,1024,256
"io.github.richardstartin.multimatcher.benchmarks.LogicalAggregationBenchmark.intersectionWithOffset","thrpt",1,5,8.617789,0.027380,"ops/us",768,144,1024,256
"io.github.richardstartin.multimatcher.benchmarks.LogicalAggregationBenchmark.intersectionWithOffset:ld_blocks_partial.address_alias","thrpt",1,1,1.007256,NaN,"#/op",768,144,1024,256
"io.github.richardstartin.multimatcher.benchmarks.LogicalAggregationBenchmark.intersectionWithOffset","thrpt",1,5,8.623578,0.015178,"ops/us",768,152,1024,256
"io.github.richardstartin.multimatcher.benchmarks.LogicalAggregationBenchmark.intersectionWithOffset:ld_blocks_partial.address_alias","thrpt",1,1,1.008366,NaN,"#/op",768,152,1024,256
"io.github.richardstartin.multimatcher.benchmarks.LogicalAggregationBenchmark.intersectionWithOffset","thrpt",1,5,8.621398,0.020945,"ops/us",768,160,1024,256
"io.github.richardstartin.multimatcher.benchmarks.LogicalAggregationBenchmark.intersectionWithOffset:ld_blocks_partial.address_alias","thrpt",1,1,1.015275,NaN,"#/op",768,160,1024,256
"io.github.richardstartin.multimatcher.benchmarks.LogicalAggregationBenchmark.intersectionWithOffset","thrpt",1,5,8.593995,0.238354,"ops/us",768,168,1024,256
"io.github.richardstartin.multimatcher.benchmarks.LogicalAggregationBenchmark.intersectionWithOffset:ld_blocks_partial.address_alias","thrpt",1,1,1.008496,NaN,"#/op",768,168,1024,256
"io.github.richardstartin.multimatcher.benchmarks.LogicalAggregationBenchmark.intersectionWithOffset","thrpt",1,5,8.617213,0.058451,"ops/us",768,176,1024,256
"io.github.richardstartin.multimatcher.benchmarks.LogicalAggregationBenchmark.intersectionWithOffset:ld_blocks_partial.address_alias","thrpt",1,1,1.010752,NaN,"#/op",768,176,1024,256
"io.github.richardstartin.multimatcher.benchmarks.LogicalAggregationBenchmark.intersectionWithOffset","thrpt",1,5,8.609106,0.037424,"ops/us",768,184,1024,256
"io.github.richardstartin.multimatcher.benchmarks.LogicalAggregationBenchmark.intersectionWithOffset:ld_blocks_partial.address_alias","thrpt",1,1,1.001619,NaN,"#/op",768,184,1024,256
"io.github.richardstartin.multimatcher.benchmarks.LogicalAggregationBenchmark.intersectionWithOffset","thrpt",1,5,8.614333,0.021473,"ops/us",768,192,1024,256
"io.github.richardstartin.multimatcher.benchmarks.LogicalAggregationBenchmark.intersectionWithOffset:ld_blocks_partial.address_alias","thrpt",1,1,1.010876,NaN,"#/op",768,192,1024,256
"io.github.richardstartin.multimatcher.benchmarks.LogicalAggregationBenchmark.intersectionWithOffset","thrpt",1,5,8.622566,0.014170,"ops/us",768,200,1024,256
"io.github.richardstartin.multimatcher.benchmarks.LogicalAggregationBenchmark.intersectionWithOffset:ld_blocks_partial.address_alias","thrpt",1,1,1.010876,NaN,"#/op",768,200,1024,256
"io.github.richardstartin.multimatcher.benchmarks.LogicalAggregationBenchmark.intersectionWithOffset","thrpt",1,5,8.609801,0.070141,"ops/us",768,208,1024,256
"io.github.richardstartin.multimatcher.benchmarks.LogicalAggregationBenchmark.intersectionWithOffset:ld_blocks_partial.address_alias","thrpt",1,1,1.011028,NaN,"#/op",768,208,1024,256
"io.github.richardstartin.multimatcher.benchmarks.LogicalAggregationBenchmark.intersectionWithOffset","thrpt",1,5,8.618936,0.020274,"ops/us",768,216,1024,256
"io.github.richardstartin.multimatcher.benchmarks.LogicalAggregationBenchmark.intersectionWithOffset:ld_blocks_partial.address_alias","thrpt",1,1,1.006950,NaN,"#/op",768,216,1024,256
"io.github.richardstartin.multimatcher.benchmarks.LogicalAggregationBenchmark.intersectionWithOffset","thrpt",1,5,8.622739,0.015879,"ops/us",768,224,1024,256
"io.github.richardstartin.multimatcher.benchmarks.LogicalAggregationBenchmark.intersectionWithOffset:ld_blocks_partial.address_alias","thrpt",1,1,1.011237,NaN,"#/op",768,224,1024,256
"io.github.richardstartin.multimatcher.benchmarks.LogicalAggregationBenchmark.intersectionWithOffset","thrpt",1,5,8.618336,0.036829,"ops/us",768,232,1024,256
"io.github.richardstartin.multimatcher.benchmarks.LogicalAggregationBenchmark.intersectionWithOffset:ld_blocks_partial.address_alias","thrpt",1,1,1.001057,NaN,"#/op",768,232,1024,256
"io.github.richardstartin.multimatcher.benchmarks.LogicalAggregationBenchmark.intersectionWithOffset","thrpt",1,5,8.613161,0.056361,"ops/us",768,240,1024,256
"io.github.richardstartin.multimatcher.benchmarks.LogicalAggregationBenchmark.intersectionWithOffset:ld_blocks_partial.address_alias","thrpt",1,1,1.011423,NaN,"#/op",768,240,1024,256
"io.github.richardstartin.multimatcher.benchmarks.LogicalAggregationBenchmark.intersectionWithOffset","thrpt",1,5,8.616450,0.028276,"ops/us",768,248,1024,256
"io.github.richardstartin.multimatcher.benchmarks.LogicalAggregationBenchmark.intersectionWithOffset:ld_blocks_partial.address_alias","thrpt",1,1,1.010850,NaN,"#/op",768,248,1024,256
"io.github.richardstartin.multimatcher.benchmarks.LogicalAggregationBenchmark.intersectionWithOffset","thrpt",1,5,8.622728,0.015921,"ops/us",768,256,1024,256
"io.github.richardstartin.multimatcher.benchmarks.LogicalAggregationBenchmark.intersectionWithOffset:ld_blocks_partial.address_alias","thrpt",1,1,1.013691,NaN,"#/op",768,256,1024,256
